干员,职业,稀有度,标志,出身地,团队,种族,干员西文名,干员日文名,情报编号,性别,位置,标签,获得方式,物理强度,战场机动,生理耐受,战术规划,战斗技巧,源石技艺适应性,干员序号,子职业,国家,组织
Castle-3,近卫,0,罗德岛,,,,Castle-3,Castle-3,RCX3,男,近战位,支援机械 支援,公开招募,,,,,,,2,无畏者,罗德岛,
杜林,术师,1,行动组A4,未公开,行动组A4,杜林,Durin,ドゥリン,A44,女,远程位,新手,公开招募 主线剧情,缺陷,普通,缺陷,普通,普通,优良,6,中坚术师,罗德岛,
香草,先锋,2,黑钢国际,瓦伊凡,,瓦伊凡,Vanilla,バニラ,BS04,女,近战位,费用回复,公开招募 标准寻访 中坚寻访,标准,标准,优良,普通,标准,普通,9,尖兵,哥伦比亚,黑钢国际
夜刀,先锋,1,行动组A4,东国,行动组A4,鬼,Yato,ヤトウ,A41,女,近战位,新手,公开招募,标准,优良,标准,标准,标准,标准,3,尖兵,罗德岛,
黑角,重装,1,行动组A4,东国,行动组A4,鬼,Noir Corne,ノイルホーン,A43,男,近战位,新手,公开招募,标准,普通,优良,普通,普通,标准,4,铁卫,罗德岛,
芬,先锋,2,行动预备组A1,卡西米尔,行动预备组A1,库兰塔,Fang,フェン,PA11,女,近战位,费用回复,公开招募 标准寻访 中坚寻访 主线剧情,标准,优良,标准,标准,标准,标准,8,尖兵,罗德岛,
玫兰莎,近卫,2,行动预备组A4,维多利亚,行动预备组A4,菲林,Melantha,メランサ,PA41,女,近战位,输出 生存,公开招募 标准寻访 中坚寻访 主线剧情,优良,优良,普通,标准,标准,标准,11,无畏者,罗德岛,
卡缇,重装,2,行动预备组A4,莱塔尼亚,行动预备组A4,佩洛,Cardigan,カーディ,PA45,女,近战位,防护,标准寻访 中坚寻访,普通,优良,标准,普通,普通,普通,12,铁卫,罗德岛,
安赛尔,医疗,2,行动预备组A4,雷姆必拓,行动预备组A4,卡特斯,Ansel,アンセル,PA43,男,远程位,治疗,公开招募 标准寻访 中坚寻访 主线剧情,普通,标准,普通,普通,标准,标准,18,医师,罗德岛,
史都华德,术师,2,行动预备组A4,谢拉格,行动预备组A4,沃尔珀,Steward,スチュワード,PA42,男,远程位,输出,公开招募 标准寻访 中坚寻访,普通,标准,普通,普通,标准,标准,19,中坚术师,罗德岛,
梓兰,辅助,2,行动预备组A6,哥伦比亚,行动预备组A6,黎博利,Orchid,オーキッド,PA61,女,远程位,减速,公开招募 标准寻访 中坚寻访 主线剧情,普通,普通,普通,标准,标准,优良,20,凝滞师,罗德岛,
克洛丝,狙击,2,行动预备组A1,雷姆必拓,行动预备组A1,卡特斯,Kroos,クルース,PA12,女,远程位,输出,公开招募 标准寻访 中坚寻访 主线剧情,普通,标准,普通,标准,优良,标准,14,速射手,罗德岛,
安德切尔,狙击,2,行动预备组A4,拉特兰,行动预备组A4,萨科塔,Adnachiel,アドナキエル,PA44,男,远程位,输出,公开招募 主线剧情,普通,标准,普通,普通,标准,标准,15,速射手,罗德岛,
翎羽,先锋,2,拉特兰,拉特兰,,黎博利,Plume,プリュム,LT05,女,近战位,输出 费用回复,公开招募 标准寻访 中坚寻访 主线剧情,标准,优良,普通,普通,标准,普通,10,冲锋手,拉特兰,
芙蓉,医疗,2,行动预备组A1,维多利亚,行动预备组A1,萨卡兹,Hibiscus,ハイビスカス,PA13,女,远程位,治疗,公开招募 标准寻访 中坚寻访 主线剧情,普通,普通,普通,标准,普通,标准,17,医师,罗德岛,
12F,术师,1,罗德岛,不明,,萨弗拉,12F,12F,R303,男,远程位,新手,公开招募 主线剧情,普通,优良,普通,普通,普通,标准,7,扩散术师,罗德岛,
Lancet-2,医疗,0,罗德岛,,,,Lancet-2,Lancet-2,RCX2,女,远程位,支援机械 治疗,公开招募 主线剧情,,,,,,,1,医师,罗德岛,
米格鲁,重装,2,行动预备组A1,玻利瓦尔,行动预备组A1,佩洛,Beagle,ビーグル,PA14,女,近战位,防护,公开招募 标准寻访 中坚寻访 主线剧情,优良,普通,优良,普通,标准,标准,13,铁卫,罗德岛,
巡林者,狙击,1,行动组A4,未公开,行动组A4,萨弗拉,Rangers,レンジャー,A42,男,远程位,新手,公开招募,普通,优良,普通,普通,优良,普通,5,速射手,罗德岛,
阿消,特种,3,炎-龙门,龙门,,札拉克,Shaw,ショウ,LM11,女,近战位,位移,公开招募 标准寻访 中坚寻访 主线剧情,普通,优良,普通,标准,标准,普通,44,推击手,炎-龙门,
艾丝黛尔,近卫,3,萨尔贡,未公开,,阿达克利斯,Estelle,エステル,IU04,女,近战位,群攻 生存,公开招募,优良,普通,标准,普通,普通,标准,32,强攻手,萨尔贡,
白金,狙击,4,卡西米尔,卡西米尔,,库兰塔,Platinum,プラチナ,KZ03,女,远程位,输出,公开招募 中坚寻访,标准,优良,普通,标准,优良,标准,53,速射手,卡西米尔,
白面鸮,医疗,4,莱茵生命,哥伦比亚,,黎博利,Ptilopsis,フィリオプシス,RL04,女,远程位,治疗 支援,公开招募 中坚寻访,普通,普通,普通,标准,优良,优良,45,群愈师,哥伦比亚,莱茵生命
缠丸,近卫,3,东,东国,,鬼,Matoimaru,マトイマル,HK01,女,近战位,生存 输出,公开招募 标准寻访 中坚寻访,优良,标准,优良,普通,标准,优良,30,无畏者,东,
初雪,辅助,4,谢拉格,谢拉格,,菲林,Pramanix,プラマニクス,JC05,女,远程位,削弱,公开招募 中坚寻访,普通,普通,标准,优良,标准,卓越,68,削弱者,谢拉格,
德克萨斯,先锋,4,企鹅物流,哥伦比亚,,鲁珀,Texas,テキサス,PL02,女,近战位,费用回复 控场,公开招募 中坚寻访 常驻赠送,优良,优良,标准,优良,优良,优良,47,尖兵,炎-龙门,企鹅物流
地灵,辅助,3,莱塔尼亚,莱塔尼亚,,卡普里尼,Earthspirit,アーススピリット,LN01,女,远程位,减速,公开招募 标准寻访 中坚寻访,普通,标准,普通,标准,标准,优良,43,凝滞师,莱塔尼亚,
杜宾,近卫,3,罗德岛,玻利瓦尔,,佩洛,Dobermann,ドーベルマン,R100,女,近战位,输出 支援,公开招募 标准寻访 中坚寻访,标准,标准,标准,优良,优良,标准,29,教官,罗德岛,
古米,重装,3,乌萨斯学生自治团,乌萨斯,乌萨斯学生自治团,乌萨斯,Гум,グム,USS3,女,近战位,防护 治疗,公开招募 标准寻访 中坚寻访,优良,普通,优良,普通,普通,普通,41,守护者,乌萨斯,
赫默,医疗,4,莱茵生命,哥伦比亚,,黎博利,Silence,サイレンス,RL01,女,远程位,治疗,公开招募 中坚寻访,普通,普通,普通,标准,标准,优良,58,医师,哥伦比亚,莱茵生命
红,特种,4,S.W.E.E.P.,未公开,,鲁珀,Projekt Red,レッド,SW01,女,近战位,快速复活 控场,公开招募 中坚寻访,标准,卓越,标准,普通,卓越,普通,61,处决者,罗德岛,S.W.E.E.P.
红豆,先锋,3,哥伦比亚,卡兹戴尔,,萨卡兹,Vigna,ヴィグナ,R105,女,近战位,输出 费用回复,公开招募 标准寻访 中坚寻访,优良,标准,优良,普通,标准,标准,28,冲锋手,哥伦比亚,
华法琳,医疗,4,罗德岛,卡兹戴尔,,萨卡兹,Warfarin,ワルファリン,R106,女,远程位,治疗 支援,公开招募 中坚寻访,标准,标准,标准,优良,标准,优良,59,医师,罗德岛,
火神,重装,4,米诺斯,米诺斯,,丰蹄,Vulcan,ヴァルカン,MN02,女,近战位,生存 防护 输出,公开招募,优良,标准,优良,标准,标准,标准,64,不屈者,米诺斯,
嘉维尔,医疗,3,罗德岛,未公开,,阿达克利斯,Gavial,ガヴィル,IU07,女,远程位,治疗,信用交易所,优良,标准,优良,标准,优良,标准,37,医师,罗德岛,
角峰,重装,3,喀兰贸易,谢拉格,,丰蹄,Matterhorn,マッターホルン,JC03,男,近战位,防护,公开招募 标准寻访 中坚寻访,优良,普通,优良,标准,标准,缺陷,39,铁卫,谢拉格,喀兰贸易
杰西卡,狙击,3,黑钢国际,维多利亚,,菲林,Jessica,ジェシカ,BS03,女,远程位,输出 生存,公开招募 标准寻访 中坚寻访 主线剧情,标准,标准,优良,普通,标准,普通,23,速射手,哥伦比亚,黑钢国际
可颂,重装,4,企鹅物流,米诺斯,,丰蹄,Croissant,クロワッサン,PL04,女,近战位,防护 位移,公开招募 中坚寻访,优良,普通,标准,标准,标准,普通,63,铁卫,炎-龙门,企鹅物流
空,辅助,4,企鹅物流,因经纪公司要求不公开,,因经纪公司要求不公开,Sora,ソラ,PL05,女,远程位,支援 治疗,中坚寻访,普通,普通,普通,标准,标准,优良,70,吟游者,炎-龙门,企鹅物流
蓝毒,狙击,4,伊比利亚,未公开,,安努拉,Blue Poison,アズリウス,AA03,女,远程位,输出,公开招募 中坚寻访,普通,标准,普通,普通,优良,普通,52,速射手,伊比利亚,
雷蛇,重装,4,黑钢国际,瓦伊凡,,瓦伊凡,Liskarm,リスカム,BS02,女,近战位,防护 输出,公开招募 中坚寻访,标准,普通,优良,标准,优良,优良,62,哨戒铁卫,哥伦比亚,黑钢国际
凛冬,先锋,4,乌萨斯学生自治团,乌萨斯,乌萨斯学生自治团,乌萨斯,Зима,ズィマー,USS1,女,近战位,费用回复 支援,公开招募 中坚寻访,优良,标准,优良,普通,标准,普通,46,尖兵,乌萨斯,
临光,重装,4,使徒,卡西米尔,使徒,库兰塔,Nearl,ニアール,FO02,女,近战位,防护 治疗,公开招募 中坚寻访,优良,优良,优良,优良,优良,优良,60,守护者,,
流星,狙击,3,卡西米尔,卡西米尔,,库兰塔,Meteor,メテオ,ST02,女,远程位,输出 削弱,公开招募 标准寻访 中坚寻访,标准,优良,普通,普通,标准,标准,24,速射手,卡西米尔,
梅尔,辅助,4,莱茵生命,哥伦比亚,,阿纳缇,Mayer,メイヤー,RL05,女,远程位,召唤 控场,公开招募 中坚寻访,普通,标准,标准,优良,标准,普通,57,召唤师,哥伦比亚,莱茵生命
末药,医疗,3,罗德岛,未公开,,沃尔珀,Myrrh,ミルラ,R104,女,远程位,治疗,公开招募 标准寻访 中坚寻访,普通,标准,普通,普通,普通,标准,36,医师,罗德岛,
慕斯,近卫,3,维多利亚,维多利亚,,菲林,Mousse,ムース,VC04,女,近战位,输出,公开招募 标准寻访 中坚寻访,标准,标准,标准,普通,标准,优良,33,术战者,维多利亚,
普罗旺斯,狙击,4,叙拉古,叙拉古,,鲁珀,Provence,プロヴァンス,SR03,女,远程位,输出,公开招募 中坚寻访,普通,优良,普通,标准,优良,标准,65,重射手,叙拉古,
清道夫,先锋,3,S.W.E.E.P.,未公开,,札拉克,Scavenger,スカベンジャー,SW02,女,近战位,费用回复 输出,公开招募 标准寻访 中坚寻访,优良,普通,普通,普通,优良,标准,27,尖兵,罗德岛,S.W.E.E.P.
塞雷娅,重装,5,莱茵生命,哥伦比亚,,瓦伊凡,Saria,サリア,RL02,女,近战位,防护 治疗 支援,公开招募 中坚寻访,优良,普通,优良,优良,优良,卓越,81,守护者,哥伦比亚,莱茵生命
闪灵,医疗,5,使徒,卡兹戴尔,使徒,萨卡兹,Shining,シャイニング,FO01,女,远程位,治疗 支援,公开招募 中坚寻访,标准,普通,标准,标准,优良,卓越,78,医师,,
蛇屠箱,重装,3,哥伦比亚,未公开,,匹特拉姆,Cuora,クオーラ,IU05,女,近战位,防护,公开招募 标准寻访 中坚寻访,普通,普通,优良,普通,普通,标准,40,铁卫,哥伦比亚,
食铁兽,特种,4,炎-龙门,炎,,乌萨斯,FEater,エフイーター,YD01,女,近战位,位移 减速,公开招募 中坚寻访,优良,标准,标准,普通,优良,标准,72,推击手,炎-龙门,
狮蝎,特种,4,萨尔贡,萨尔贡,,曼提柯,Manticore,マンティコア,SG01,女,近战位,输出 生存,公开招募 中坚寻访,优良,优良,标准,标准,优良,优良,71,伏击客,萨尔贡,
天火,术师,4,维多利亚,维多利亚,,菲林,Skyfire,スカイフレア,SK01,女,远程位,群攻 控场,中坚寻访,普通,普通,普通,标准,普通,卓越,56,扩散术师,维多利亚,
调香师,医疗,3,罗德岛,米诺斯,,沃尔珀,Perfumer,パフューマー,MN03,女,远程位,治疗,公开招募 标准寻访 中坚寻访,普通,标准,普通,标准,标准,优良,38,群愈师,罗德岛,
推进之王,先锋,5,格拉斯哥帮,维多利亚,,阿斯兰,Siege,シージ,GG01,女,近战位,费用回复 输出,公开招募 中坚寻访,优良,优良,优良,优良,优良,标准,74,尖兵,维多利亚,格拉斯哥帮
星熊,重装,5,龙门近卫局,东国,,鬼,Hoshiguma,ホシグマ,LM05,女,近战位,防护 输出,公开招募 中坚寻访,优良,标准,卓越,标准,优良,普通,80,铁卫,炎-龙门,龙门近卫局
讯使,先锋,3,喀兰贸易,谢拉格,,依特拉,Courier,クーリエ,JC04,男,近战位,费用回复 防护,信用交易所,标准,优良,优良,标准,优良,普通,26,尖兵,谢拉格,喀兰贸易
夜烟,术师,3,维多利亚,维多利亚,,菲林,Haze,ヘイズ,VC02,女,远程位,输出 削弱,公开招募 标准寻访 中坚寻访,普通,普通,普通,优良,普通,优良,21,中坚术师,维多利亚,
夜莺,医疗,5,使徒,卡兹戴尔,使徒,萨卡兹,Nightingale,ナイチンゲール,FO03,女,远程位,治疗 支援,公开招募 中坚寻访,缺陷,缺陷,缺陷,普通,普通,卓越,79,群愈师,,
因陀罗,近卫,4,格拉斯哥帮,不明,,菲林,Indra,インドラ,GG03,女,近战位,输出 生存,公开招募,优良,标准,标准,普通,优良,普通,49,斗士,维多利亚,格拉斯哥帮
远山,术师,3,萨米,萨米,,埃拉菲亚,Gitano,ギターノ,SI01,女,远程位,群攻,公开招募 标准寻访 中坚寻访,普通,普通,普通,标准,标准,优良,22,扩散术师,萨米,
真理,辅助,4,乌萨斯学生自治团,乌萨斯,乌萨斯学生自治团,乌萨斯,Истина,イースチナ,USS2,女,远程位,减速 输出,公开招募 中坚寻访,普通,普通,普通,优良,优良,优良,69,凝滞师,乌萨斯,
安洁莉娜,辅助,5,叙拉古,叙拉古,,沃尔珀,Angelina,アンジェリーナ,SR02,女,远程位,减速 输出 支援,中坚寻访,普通,优良,普通,普通,普通,优良,77,凝滞师,叙拉古,
拉普兰德,近卫,4,叙拉古,叙拉古,,鲁珀,Lappland,ラップランド,SR01,女,近战位,输出 削弱,中坚寻访,优良,标准,标准,标准,卓越,优良,50,领主,叙拉古,
银灰,近卫,5,喀兰贸易,谢拉格,,菲林,SilverAsh,シルバーアッシュ,JC01,男,近战位,输出 支援,公开招募 中坚寻访,标准,标准,标准,卓越,优良,标准,82,领主,谢拉格,喀兰贸易
砾,特种,3,卡西米尔,卡西米尔,,札拉克,Gravel,グラベル,KZ04,女,近战位,快速复活 防护,公开招募 标准寻访 中坚寻访,标准,标准,标准,标准,优良,普通,34,处决者,卡西米尔,
霜叶,近卫,3,罗德岛,哥伦比亚,,沃尔珀,Frostleaf,フロストリーフ,R123,女,近战位,减速 输出,公开招募 标准寻访 中坚寻访,普通,标准,普通,标准,优良,标准,31,领主,罗德岛,
幽灵鲨,近卫,4,深海猎人,阿戈尔,,未公开,Specter,スペクター,AA02,女,近战位,群攻 生存,公开招募 中坚寻访,卓越,普通,卓越,缺陷,优良,缺陷,51,强攻手,阿戈尔,深海猎人
芙兰卡,近卫,4,黑钢国际,哥伦比亚,,沃尔珀,Franka,フランカ,BS01,女,近战位,输出 生存,中坚寻访,优良,标准,标准,优良,优良,优良,48,无畏者,哥伦比亚,黑钢国际
暴行,近卫,4,雷姆必拓,雷姆必拓,,卡特斯,Savage,サベージ,RB01,女,近战位,群攻 爆发,预约奖励 周年奖励,优良,标准,优良,普通,标准,标准,83,强攻手,雷姆必拓,
伊芙利特,术师,5,莱茵生命,未公开,,萨卡兹,Ifrit,イフリータ,RL03,女,远程位,群攻 削弱,公开招募 中坚寻访,普通,标准,普通,缺陷,普通,卓越,75,轰击术师,哥伦比亚,莱茵生命
白雪,狙击,3,东,东国,,阿纳缇,ShiraYuki,シラユキ,LM10,女,远程位,群攻 减速,公开招募 标准寻访 中坚寻访,标准,优良,普通,普通,标准,普通,25,炮手,东,
深海色,辅助,3,阿戈尔,未公开,,未公开,Deepcolor,ディピカ,AA04,女,远程位,召唤,标准寻访 中坚寻访,普通,普通,普通,标准,标准,优良,42,召唤师,阿戈尔,
陨星,狙击,4,罗德岛,卡兹戴尔,,萨卡兹,Meteorite,メテオリーテ,ST03,女,远程位,群攻 削弱,公开招募 中坚寻访,优良,标准,标准,标准,优良,标准,54,炮手,罗德岛,
能天使,狙击,5,企鹅物流,拉特兰,,萨科塔,Exusiai,エクシア,PL03,女,远程位,输出,公开招募 中坚寻访,标准,优良,标准,优良,优良,标准,73,速射手,炎-龙门,企鹅物流
艾雅法拉,术师,5,莱塔尼亚,莱塔尼亚,,卡普里尼,Eyjafjalla,エイヤフィヤトラ,LN02,女,远程位,输出 削弱,中坚寻访,普通,普通,普通,普通,普通,卓越,76,中坚术师,莱塔尼亚,
守林人,狙击,4,罗德岛,未公开,,埃拉菲亚,Firewatch,ファイヤーウォッチ,ST01,女,远程位,输出 爆发,公开招募 中坚寻访,普通,标准,普通,标准,优良,普通,66,神射手,罗德岛,
炎熔,术师,2,行动预备组A1,维多利亚,行动预备组A1,萨卡兹,Lava,ラヴァ,PA15,女,远程位,群攻,公开招募 标准寻访 中坚寻访 主线剧情,普通,普通,普通,普通,标准,标准,16,扩散术师,罗德岛,
阿米娅,术师,4,罗德岛,雷姆必拓,,卡特斯/奇美拉,Amiya,アーミヤ,R001,女,远程位,输出,主线剧情,普通,标准,普通,优良,标准,■■,55,中坚术师,罗德岛,
暗索,特种,3,炎-龙门,雷姆必拓,,卡特斯,Rope,ロープ,RB02,女,近战位,位移,公开招募 标准寻访 中坚寻访,标准,优良,标准,标准,标准,标准,35,钩索师,炎-龙门,
崖心,特种,4,谢拉格,谢拉格,,菲林,Cliffheart,クリフハート,JC06,女,近战位,位移 输出,公开招募 中坚寻访,标准,优良,标准,标准,优良,标准,67,钩索师,谢拉格,
空爆,狙击,2,行动预备组A6,卡西米尔,行动预备组A6,库兰塔,Catapult,カタパルト,PA63,女,远程位,群攻,公开招募 标准寻访 中坚寻访,标准,优良,普通,普通,标准,标准,84,炮手,罗德岛,
月见夜,近卫,2,行动预备组A6,东国,行动预备组A6,萨卡兹,Midnight,ミッドナイト,PA62,男,近战位,输出,公开招募 标准寻访 中坚寻访,标准,标准,优良,普通,标准,优良,85,领主,罗德岛,
猎蜂,近卫,3,乌萨斯,乌萨斯,,乌萨斯,Beehunter,ビーハンター,US10,女,近战位,输出,公开招募 标准寻访 中坚寻访,优良,标准,标准,普通,标准,标准,86,斗士,乌萨斯,
格拉尼,先锋,4,维多利亚,维多利亚,,库兰塔,Grani,グラニ,VC05,女,近战位,费用回复 防护,活动获得 记录修复奖励,标准,优良,标准,标准,优良,普通,88,冲锋手,维多利亚,
斯卡蒂,近卫,5,深海猎人,阿戈尔,,未公开,Skadi,スカジ,AA01,女,近战位,输出 生存,公开招募 中坚寻访,■■,标准,卓越,标准,优良,缺陷,89,无畏者,阿戈尔,深海猎人
夜魔,术师,4,维多利亚,维多利亚,,菲林,Nightmare,ナイトメア,VC03,女,远程位,输出 治疗 减速,公开招募 中坚寻访,普通,标准,普通,普通,标准,优良,87,中坚术师,维多利亚,
斑点,重装,2,行动预备组A6,萨尔贡,行动预备组A6,瑞柏巴,Spot,スポット,PA64,男,近战位,防护 治疗,公开招募 标准寻访 中坚寻访,标准,普通,优良,普通,标准,标准,91,守护者,罗德岛,
泡普卡,近卫,2,行动预备组A6,雷姆必拓,行动预备组A6,卡特斯,Popukar,ポプカル,PA65,女,近战位,群攻 生存,公开招募 标准寻访 中坚寻访,优良,普通,普通,普通,普通,标准,90,强攻手,罗德岛,
陈,近卫,5,龙门近卫局,龙门,,龙,Ch&#039;en,チェン,LM04,女,近战位,爆发 输出,公开招募 中坚寻访,优良,标准,优良,优良,卓越,标准,94,剑豪,炎-龙门,龙门近卫局
格雷伊,术师,3,玻利瓦尔,玻利瓦尔,,佩洛,Greyy,グレイ,R119,男,远程位,群攻 减速,公开招募 标准寻访 中坚寻访,普通,标准,普通,普通,普通,标准,92,扩散术师,玻利瓦尔,
诗怀雅,近卫,4,龙门近卫局,龙门,,菲林,Swire,スワイヤー,LM08,女,近战位,输出 支援,公开招募 中坚寻访,标准,标准,标准,优良,标准,标准,93,教官,炎-龙门,龙门近卫局
格劳克斯,辅助,4,伊比利亚,阿戈尔地区,,未公开,Glaucus,グラウコス,R128,女,远程位,减速 控场,公开招募 中坚寻访,普通,普通,优良,优良,标准,普通,97,凝滞师,伊比利亚,
黑,狙击,5,汐斯塔,雷姆必拓,,菲林,Schwarz,シュヴァルツ,SS02,女,远程位,输出,公开招募 中坚寻访,标准,优良,标准,优良,优良,标准,98,重射手,哥伦比亚,汐斯塔
苏苏洛,医疗,3,罗德岛,叙拉古,,沃尔珀,Sussurro,ススーロ,R107,女,远程位,治疗,公开招募 标准寻访 中坚寻访,普通,标准,普通,普通,普通,标准,95,医师,罗德岛,
锡兰,医疗,4,汐斯塔,汐斯塔（独立城邦）,,黎博利,Ceylon,セイロン,SS01,女,远程位,治疗,活动获得 记录修复奖励,普通,普通,普通,标准,标准,优良,96,疗养师,哥伦比亚,汐斯塔
赫拉格,近卫,5,乌萨斯,乌萨斯,,黎博利,Hellagur,ヘラグ,AZ01,男,近战位,输出 生存,公开招募 中坚寻访,优良,优良,标准,优良,卓越,标准,101,武者,乌萨斯,
桃金娘,先锋,3,罗德岛,未公开,,杜林,Myrtle,テンニンカ,R108,女,近战位,费用回复 治疗,公开招募 标准寻访 中坚寻访,标准,标准,标准,优良,标准,标准,99,执旗手,罗德岛,
星极,近卫,4,哥伦比亚,哥伦比亚,,黎博利,Astesia,アステシア,RR01,女,近战位,输出 防护,公开招募 中坚寻访,普通,标准,标准,标准,标准,优良,100,术战者,哥伦比亚,
坚雷,重装,3,罗德岛,哥伦比亚,,沃尔珀,Dur-nar,ジュナー,R124,女,近战位,防护 输出,信用交易所,优良,标准,标准,普通,优良,普通,102,驭法铁卫,罗德岛,
红云,狙击,3,叙拉古,不明,,沃尔珀,Vermeil,ヴァーミル,R122,女,远程位,输出,公开招募 标准寻访 中坚寻访,普通,标准,普通,普通,标准,标准,103,速射手,叙拉古,
麦哲伦,辅助,5,莱茵生命,哥伦比亚,,黎博利,Magallan,マゼラン,RL06,女,远程位,支援 减速 输出,公开招募 中坚寻访,标准,标准,优良,优良,普通,标准,106,召唤师,哥伦比亚,莱茵生命
送葬人,狙击,4,拉特兰,拉特兰,,萨科塔,Executor,イグゼキュター,LT01,男,远程位,群攻,公开招募 中坚寻访,标准,标准,标准,优良,优良,标准,105,散射手,拉特兰,
炎客,近卫,4,罗德岛,卡兹戴尔,,萨卡兹,Flamebringer,エンカク,R137,男,近战位,输出 生存,活动获得 记录修复奖励,优良,标准,优良,标准,优良,标准,104,无畏者,罗德岛,
微风,医疗,4,维多利亚,维多利亚,,沃尔珀,Breeze,ブリーズ,R132,女,远程位,治疗 支援,凭证交易所(采购),普通,标准,普通,标准,缺陷,优良,108,群愈师,维多利亚,
伊桑,特种,3,罗德岛,未公开,,萨弗拉,Ethan,イーサン,R130,男,近战位,输出 控场,凭证交易所(采购),普通,标准,普通,标准,标准,优良,107,伏击客,罗德岛,
拜松,重装,4,炎-龙门,龙门,,丰蹄,Bison,バイソン,LM15,男,近战位,防护,活动获得 记录修复奖励,标准,标准,优良,标准,普通,标准,110,铁卫,炎-龙门,
梅,狙击,3,维多利亚,维多利亚,,黎博利,May,メイ,VC01,女,远程位,输出 减速,公开招募 标准寻访 中坚寻访,标准,标准,普通,优良,标准,普通,109,速射手,维多利亚,
莫斯提马,术师,5,拉特兰,拉特兰,,未公开,Mostima,モスティマ,LT77,女,远程位,群攻 支援 控场,公开招募 中坚寻访,标准,标准,标准,标准,优良,卓越,112,扩散术师,拉特兰,
槐琥,特种,4,鲤氏侦探事务所,炎,鲤氏侦探事务所,菲林,Waai Fu,ワイフー,LM12,女,近战位,快速复活 削弱,公开招募 中坚寻访,优良,优良,标准,标准,优良,普通,111,处决者,炎-龙门,
苇草,先锋,4,维多利亚,维多利亚,,德拉克,Reed,リード,HT03,女,近战位,费用回复 输出,公开招募 中坚寻访,优良,优良,标准,优良,优良,卓越,113,冲锋手,维多利亚,
布洛卡,近卫,4,贾维团伙,叙拉古,贾维团伙,菲林,Broca,ブローカ,SR27,男,近战位,群攻 生存,公开招募 中坚寻访,优良,普通,标准,普通,标准,标准,114,强攻手,叙拉古,
安比尔,狙击,3,拉特兰,拉特兰,,萨科塔,Ambriel,アンブリエル,LT02,女,远程位,输出 减速,公开招募 标准寻访 中坚寻访,普通,标准,普通,标准,标准,标准,115,神射手,拉特兰,
灰喉,狙击,4,罗德岛,未公开,,黎博利,GreyThroat,グレースロート,R110,女,远程位,输出,公开招募 中坚寻访,标准,优良,普通,标准,优良,普通,116,速射手,罗德岛,
煌,近卫,5,罗德岛-精英干员,维多利亚,,菲林,Blaze,ブレイズ,RE41,女,近战位,输出 生存,公开招募 中坚寻访,优良,优良,优良,标准,优良,优良,117,强攻手,罗德岛,罗德岛-精英干员
雪雉,特种,4,炎-龙门,龙门,,黎博利,Snowsant,スノーズント,LM16,女,近战位,位移 减速,活动获得 记录修复奖励,普通,标准,标准,标准,普通,标准,118,钩索师,炎-龙门,
阿,特种,5,鲤氏侦探事务所,龙门,鲤氏侦探事务所,菲林,Aak,ア,LM20,男,远程位,支援 输出,公开招募 中坚寻访,普通,标准,普通,标准,标准,标准,120,怪杰,炎-龙门,
吽,重装,4,鲤氏侦探事务所,龙门,鲤氏侦探事务所,佩洛,Hung,ウン,LM19,男,近战位,防护 治疗,公开招募 中坚寻访,标准,标准,优良,普通,标准,普通,119,守护者,炎-龙门,
年,重装,5,炎-岁,炎,,未公开,Nian,ニェン,NM01,女,近战位,防护 支援,限定寻访,标准,标准,标准,标准,优良,缺陷,121,铁卫,炎,炎-岁
惊蛰,术师,4,炎,炎,,麒麟,Leizi,レイズ,YD05,女,远程位,输出,公开招募 中坚寻访,标准,优良,标准,优良,优良,卓越,122,链术师,炎,
刻俄柏,术师,5,罗德岛,玻利瓦尔,,佩洛,Ceobe,ケオベ,R155,女,远程位,输出 控场,公开招募 中坚寻访,标准,优良,卓越,普通,标准,优良,123,中坚术师,罗德岛,
清流,医疗,3,炎,炎,,阿戈尔,Purestream,セイリュウ,R160,女,远程位,治疗 支援,限时礼包 公开招募,普通,标准,普通,普通,普通,优良,124,疗养师,炎,
柏喙,近卫,4,萨米,萨米,,黎博利,Bibeak,バイビーク,R138,女,近战位,爆发 输出,活动获得 凭证交易所(高级/通用),普通,标准,普通,普通,标准,普通,126,剑豪,萨米,
慑砂,狙击,4,萨尔贡,萨尔贡,,瓦伊凡,Sesa,シェーシャ,R158,男,远程位,群攻 削弱,公开招募 中坚寻访,标准,普通,标准,普通,优良,标准,127,炮手,萨尔贡,
宴,近卫,3,东,东国,,不明,Utage,ウタゲ,HK03,女,近战位,输出 生存,公开招募 标准寻访 中坚寻访,普通,普通,普通,普通,优良,普通,125,武者,东,
风笛,先锋,5,维多利亚,维多利亚,,瓦伊凡,Bagpipe,バグパイプ,RV02,女,近战位,费用回复 输出,公开招募 中坚寻访,优良,标准,优良,标准,优良,标准,128,冲锋手,维多利亚,
断罪者,近卫,3,米诺斯,米诺斯,,未知（疑似黎博利）,Conviction,コンビクション,MN01,断罪,近战位,输出 生存 控场 爆发,活动获得,标准,标准,标准,标准,标准,标准,129,无畏者,米诺斯,
刻刀,近卫,3,哥伦比亚,哥伦比亚,,沃尔珀,Cutter,カッター,R144,女,近战位,爆发 输出,公开招募 标准寻访 中坚寻访,标准,标准,普通,普通,优良,标准,130,剑豪,哥伦比亚,
巫恋,辅助,4,叙拉古,叙拉古,,沃尔珀,Shamare,シャマレ,R148,女,远程位,削弱,公开招募 中坚寻访,普通,标准,普通,标准,普通,优良,132,削弱者,叙拉古,
铸铁,近卫,4,米诺斯,米诺斯,,丰蹄,Sideroca,シデロカ,R126,女,近战位,生存 输出,活动获得 记录修复奖励,优良,标准,优良,标准,优良,普通,131,术战者,米诺斯,
傀影,特种,5,维多利亚,维多利亚,,菲林,Phantom,ファントム,R109,男,近战位,快速复活 控场 输出,公开招募 中坚寻访,标准,卓越,标准,优良,优良,标准,133,处决者,维多利亚,
THRM-EX,特种,0,罗德岛,,,,Thermal-EX,THRM-EX,RCX4,男,近战位,支援机械 爆发,公开招募 主线剧情 活动获得,,,,,,,134,处决者,罗德岛,
极境,先锋,4,罗德岛,伊比利亚,,黎博利,Elysium,エリジウム,R131,男,近战位,费用回复 支援,公开招募 中坚寻访,普通,优良,普通,标准,优良,标准,135,执旗手,罗德岛,
W,狙击,5,巴别塔,卡兹戴尔,,萨卡兹,W,W,B214,女,远程位,输出 控场,限定寻访,标准,标准,优良,卓越,优良,标准,137,炮手,,巴别塔
温蒂,特种,5,罗德岛,伊比利亚,,阿戈尔,Weedy,ウィーディ,R117,女,近战位,位移 输出 控场,公开招募 中坚寻访,标准,标准,普通,优良,标准,标准,136,推击手,罗德岛,
石棉,重装,4,雷姆必拓,雷姆必拓,,萨弗拉,Asbestos,アスベストス,RB05,女,近战位,防护 输出,公开招募 中坚寻访,标准,优良,优良,标准,标准,标准,138,驭法铁卫,雷姆必拓,
月禾,辅助,4,东,东国,,埃拉菲亚,Tsukinogi,ツキノギ,R129,女,远程位,支援 生存,公开招募 中坚寻访,普通,优良,标准,标准,普通,优良,139,护佑者,东,
波登可,辅助,3,罗德岛,玻利瓦尔,,佩洛,Podenco,ポデンコ,R157,女,远程位,减速 治疗,公开招募 标准寻访 中坚寻访,普通,标准,普通,普通,普通,普通,140,凝滞师,罗德岛,
苦艾,术师,4,乌萨斯学生自治团,乌萨斯,乌萨斯学生自治团,乌萨斯,Absinthe,アブサント,US11,女,远程位,输出,活动获得 记录修复奖励,标准,普通,标准,普通,标准,优良,141,中坚术师,乌萨斯,
莱恩哈特,术师,4,雷姆必拓,雷姆必拓,,卡特斯,Leonhardt,レオンハルト,RB03,男,远程位,群攻 爆发,公开招募 中坚寻访,普通,标准,标准,标准,优良,优良,142,扩散术师,雷姆必拓,
早露,狙击,5,乌萨斯学生自治团,乌萨斯,乌萨斯学生自治团,乌萨斯,Роса,ロサ,USS4,女,远程位,输出 控场,公开招募 中坚寻访,标准,普通,标准,优良,标准,标准,143,攻城手,乌萨斯,
卡达,术师,3,罗德岛,未公开,,札拉克,Click,カシャ,R140,女,远程位,输出 控场,公开招募 标准寻访 中坚寻访,普通,标准,标准,普通,普通,标准,144,驭械术师,罗德岛,
铃兰,辅助,5,叙拉古,东国,,沃尔珀,Suzuran,スズラン,R172,女,远程位,减速 支援 输出,公开招募 中坚寻访,普通,标准,普通,标准,标准,优良,147,凝滞师,叙拉古,
亚叶,医疗,4,罗德岛,乌萨斯,,菲林,Folinic,フォリニック,R133,女,远程位,治疗 输出,活动获得 记录修复奖励,普通,标准,标准,标准,标准,优良,145,医师,罗德岛,
断崖,近卫,4,雷姆必拓,雷姆必拓,,卡特斯,Ayerscarpe,エアースカーペ,RB04,男,近战位,输出 群攻,公开招募 中坚寻访,标准,优良,优良,标准,优良,标准,146,领主,雷姆必拓,
贾维,先锋,4,贾维团伙,叙拉古,贾维团伙,沃尔珀,Chiave,キアーベ,SR26,男,近战位,费用回复 输出,公开招募 中坚寻访,标准,标准,标准,普通,优良,标准,150,尖兵,叙拉古,
蜜蜡,术师,4,萨尔贡,萨尔贡,,卡普里尼,Beeswax,ビーズワクス,R147,女,远程位,群攻 防护,公开招募 中坚寻访,普通,普通,标准,标准,普通,优良,149,阵法术师,萨尔贡,
稀音,辅助,4,萨尔贡,萨尔贡,,皮洛萨,Scene,シーン,R162,女,远程位,召唤 支援,活动获得 凭证交易所(高级/通用),普通,缺陷,标准,普通,普通,优良,148,召唤师,萨尔贡,
安哲拉,狙击,4,深海猎人,伊比利亚,,阿戈尔,Andreana,アンドレアナ,II04,女,远程位,输出 减速,公开招募 中坚寻访,标准,优良,优良,标准,优良,缺陷,152,神射手,阿戈尔,深海猎人
孑,特种,3,炎-龙门,龙门,,乌萨斯,Jaye,ジェイ,LM14,男,近战位,快速复活 输出,公开招募 标准寻访 中坚寻访,标准,标准,标准,标准,优良,标准,151,行商,炎-龙门,
棘刺,近卫,5,伊比利亚,伊比利亚,,阿戈尔,Thorns,ソーンズ,II01,男,近战位,输出 防护,公开招募 中坚寻访,优良,标准,标准,标准,优良,标准,153,领主,伊比利亚,
森蚺,重装,5,萨尔贡,萨尔贡,,斐迪亚,Eunectes,ユーネクテス,SG03,女,近战位,输出 生存 防护,公开招募 中坚寻访,优良,标准,优良,普通,标准,标准,157,决战者,萨尔贡,
酸糖,狙击,3,哥伦比亚,哥伦比亚,,黎博利,Aciddrop,アシッドドロップ,R139,女,远程位,输出,公开招募 标准寻访 中坚寻访,标准,优良,标准,普通,标准,标准,154,重射手,哥伦比亚,
燧石,近卫,4,萨尔贡,萨尔贡,,黎博利,Flint,フリント,SG06,女,近战位,输出,公开招募 中坚寻访,标准,优良,普通,普通,标准,普通,156,斗士,萨尔贡,
特米米,术师,4,萨尔贡,萨尔贡,,阿达克利斯,Tomimi,トミミ,SG05,女,远程位,输出 生存,活动获得 记录修复奖励,优良,普通,标准,标准,标准,标准,155,中坚术师,萨尔贡,
芳汀,近卫,3,拉特兰,拉特兰,,萨科塔,Arene,アレーン,LT06,男,近战位,输出,公开招募 标准寻访 中坚寻访,普通,普通,普通,优良,普通,优良,158,领主,拉特兰,
史尔特尔,近卫,5,罗德岛,不明,,萨卡兹,Surtr,スルト,R111,女,近战位,输出,公开招募 中坚寻访,普通,普通,普通,优良,普通,缺陷,161,术战者,罗德岛,
四月,狙击,4,雷姆必拓,雷姆必拓,,卡特斯,April,エイプリル,RB07,女,远程位,输出,公开招募 中坚寻访,标准,标准,标准,标准,标准,标准,160,速射手,雷姆必拓,
薄绿,术师,4,维多利亚,维多利亚,,菲林,Mint,ミント,VC08,女,远程位,群攻 控场,活动获得 记录修复奖励,普通,普通,普通,标准,普通,优良,159,阵法术师,维多利亚,
奥斯塔,狙击,4,贾维团伙,叙拉古,贾维团伙,鲁珀,Aosta,アオスタ,SR28,男,远程位,群攻,公开招募 中坚寻访,标准,标准,标准,优良,标准,标准,164,散射手,叙拉古,
鞭刃,近卫,4,卡西米尔,卡西米尔,,库兰塔,Whislash,ウィスラッシュ,KZ07,女,近战位,输出 支援,活动获得 记录修复奖励,标准,标准,标准,优良,优良,标准,163,教官,卡西米尔,
泡泡,重装,3,萨尔贡,萨尔贡,,塞拉托,Bubble,バブル,R146,女,近战位,防护,公开招募 标准寻访 中坚寻访,优良,普通,优良,普通,缺陷,标准,162,铁卫,萨尔贡,
瑕光,重装,5,卡西米尔,卡西米尔,,库兰塔,Blemishine,ブレミシャイン,KZ09,女,近战位,防护 治疗 输出,公开招募 中坚寻访,标准,优良,标准,标准,标准,优良,165,守护者,卡西米尔,
杰克,近卫,3,哥伦比亚,哥伦比亚,,佩洛,Jackie,ジャッキー,R166,女,近战位,输出,公开招募 标准寻访 中坚寻访,优良,标准,标准,普通,普通,标准,166,斗士,哥伦比亚,
迷迭香,狙击,5,罗德岛-精英干员,哥伦比亚,,菲林,Rosmontis,ロスモンティス,RE45,女,远程位,输出,限定寻访,普通/■■,标准/优良,普通/卓越,标准/——,普通/标准,卓越/——,169,投掷手,罗德岛,罗德岛-精英干员
絮雨,医疗,4,伊比利亚,伊比利亚,,阿戈尔,Whisperain,ウィスパーレイン,R163,女,远程位,治疗,公开招募 中坚寻访,普通,普通,缺陷,标准,标准,普通,167,疗养师,伊比利亚,
泥岩,重装,5,罗德岛,卡兹戴尔,,萨卡兹,Mudrock,マドロック,R159,女,近战位,生存 防护 输出,公开招募 中坚寻访,优良,普通,优良,标准,标准,优良,168,不屈者,罗德岛,
阿米娅(近卫),近卫,4,罗德岛,雷姆必拓,,卡特斯/奇美拉,Amiya,アーミヤ,R001,女,近战位,输出 支援,主线剧情,普通,标准,普通,优良,标准,■■,170,术战者,罗德岛,
罗宾,特种,4,哥伦比亚,哥伦比亚,,阿纳缇,Robin,ロビン,CB08,女,远程位,召唤 位移,活动获得 记录修复奖励,标准,标准,标准,普通,标准,标准,172,陷阱师,哥伦比亚,
松果,狙击,3,哥伦比亚,哥伦比亚,,黎博利,Pinecone,パインコーン,CB09,女,远程位,群攻 输出,公开招募 标准寻访 中坚寻访,普通,标准,标准,普通,标准,普通,171,散射手,哥伦比亚,
卡夫卡,特种,4,哥伦比亚,哥伦比亚,,黎博利,Kafka,カフカ,CB06,女,近战位,快速复活 控场,公开招募 中坚寻访,标准,优良,普通,标准,标准,标准,173,处决者,哥伦比亚,
山,近卫,5,哥伦比亚,哥伦比亚,,菲林,Mountain,マウンテン,CB05,男,近战位,输出 生存,公开招募 中坚寻访,优良,标准,标准,优良,标准,普通,174,斗士,哥伦比亚,
爱丽丝,术师,4,维多利亚,维多利亚,,菲林,Iris,アイリス,VC12,女,远程位,输出,公开招募 中坚寻访,普通,普通,标准,标准,普通,优良,176,秘术师,维多利亚,
空弦,狙击,5,拉特兰,拉特兰,,黎博利,Archetto,アルケット,LT08,女,远程位,输出,公开招募 中坚寻访,标准,优良,标准,标准,优良,标准,177,速射手,拉特兰,
豆苗,先锋,3,哥伦比亚,哥伦比亚,,瑞柏巴,Beanstalk,ビーンストーク,CB16,女,远程位,费用回复 召唤,公开招募 标准寻访 中坚寻访,普通,标准,普通,优良,普通,普通,175,战术家,哥伦比亚,
图耶,医疗,4,萨尔贡,萨尔贡,,丰蹄,Tuye,トゥイエ,SG08,女,远程位,治疗,活动获得 凭证交易所(高级/通用),普通,优良,普通,优良,普通,普通,178,医师,萨尔贡,
嵯峨,先锋,5,东,东国,,佩洛,Saga,サガ,HK13,女,近战位,费用回复 输出,公开招募 中坚寻访,标准,标准,标准,标准,优良,标准,181,尖兵,东,
乌有,特种,4,炎,炎,,黎博利,Mr.Nothing,ウユウ,YD11,男,近战位,快速复活 输出,公开招募 中坚寻访,标准,标准,优良,普通,优良,标准,180,行商,炎,
夕,术师,5,炎-岁,炎,,未公开,Dusk,シー,NM02,女,远程位,群攻 输出 控场,限定寻访,普通,普通,普通,标准,普通,缺陷,182,扩散术师,炎,炎-岁
炎狱炎熔,术师,4,罗德岛,维多利亚,,萨卡兹,Lava the Purgatory,炎獄ラヴァ,RF01,女,远程位,输出,活动获得 记录修复奖励,标准,标准,普通,标准,优良,优良,179,扩散术师,罗德岛,
灰烬,狙击,5,彩虹小队,未知,彩虹小队,未知,Ash,Ash,RS01,女,远程位,输出,联动寻访,普通,标准,普通,优良,优良,■■,186,速射手,,
闪击,重装,4,彩虹小队,未知,彩虹小队,未知,Blitz,Blitz,RS02,男,近战位,防护 输出,联动寻访,普通,普通,标准,优良,优良,■■,184,哨戒铁卫,,
霜华,特种,4,彩虹小队,未知,彩虹小队,未知,Frost,Frost,RS03,女,远程位,召唤 控场,联动寻访,普通,标准,普通,优良,优良,■■,185,陷阱师,,
战车,近卫,4,彩虹小队,未知,彩虹小队,未知,Tachanka,Tachanka,RS04,男,近战位,爆发 输出,活动获得,标准,普通,标准,优良,优良,■■,183,剑豪,,
暴雨,重装,4,罗德岛,萨尔贡,,库兰塔,Heavyrain,ヘビーレイン,R164,女,近战位,防护 支援,活动获得 记录修复奖励,优良,标准,标准,标准,标准,普通,187,铁卫,罗德岛,
熔泉,狙击,4,维多利亚,维多利亚,,瓦伊凡,Toddifons,トギフォンス,VC11,女,远程位,输出,公开招募 中坚寻访,优良,标准,标准,标准,优良,优良,188,攻城手,维多利亚,
异客,术师,5,萨尔贡,哥伦比亚,,黎博利,Passenger,パッセンジャー,SG07,男,远程位,输出,公开招募 中坚寻访,普通,标准,标准,优良,标准,优良,189,链术师,萨尔贡,
赤冬,近卫,4,东,东国,,阿戈尔,Akafuyu,アカフユ,HK04,女,近战位,生存 输出,公开招募 中坚寻访,优良,优良,标准,标准,优良,普通,190,武者,东,
凯尔希,医疗,5,罗德岛,罗德岛,,菲林,Kal&#039;tsit,ケルシー,B003,女,远程位,召唤 治疗,公开招募 中坚寻访,普通,普通,普通,■■,普通,标准,192,医师,罗德岛,
浊心斯卡蒂,辅助,5,阿戈尔,阿戈尔,,未公开,Skadi the Corrupting Heart,濁心スカジ,CR01,女,远程位,支援 生存 输出,限定寻访,优良,优良,卓越,——,——,缺陷,193,吟游者,阿戈尔,
歌蕾蒂娅,特种,5,深海猎人,阿戈尔,,未公开,Gladiia,グレイディーア,AA05,女,近战位,位移 输出 控场,活动获得 记录修复奖励,卓越,■■,卓越,优良,卓越,缺陷,191,钩索师,阿戈尔,深海猎人
贝娜,特种,4,维多利亚,维多利亚,,卡普里尼,Bena,ベナ,VC14,女,近战位,输出 快速复活,活动获得 记录修复奖励,普通,普通,普通,普通,普通,优良,195,傀儡师,维多利亚,
深靛,术师,3,伊比利亚,伊比利亚,,斐迪亚,Indigo,インディゴ,II05,女,远程位,输出 控场,公开招募 标准寻访 中坚寻访,标准,普通,优良,普通,普通,标准,194,秘术师,伊比利亚,
绮良,特种,4,东,东国,,阿戈尔,Kirara,キララ,HK05,女,近战位,输出 生存,公开招募 中坚寻访,普通,普通,标准,优良,普通,普通,196,伏击客,东,
卡涅利安,术师,5,莱塔尼亚,萨尔贡,,卡普里尼,Carnelian,カーネリアン,LN04,女,远程位,群攻 防护,公开招募 中坚寻访,普通,普通,优良,标准,标准,优良,197,阵法术师,莱塔尼亚,
帕拉斯,近卫,5,米诺斯,米诺斯,,丰蹄,Pallas,パラス,MN04,女,近战位,输出 支援,公开招募 中坚寻访,标准,普通,标准,优良,标准,优良,198,教官,米诺斯,
假日威龙陈,狙击,5,罗德岛,龙门,,龙,Ch&#039;en the Holungday,遊龍チェン,R112,女,远程位,输出 群攻,限定寻访,优良,标准,优良,优良,优良,标准,202,散射手,罗德岛,
龙舌兰,近卫,4,玻利瓦尔,玻利瓦尔,,佩洛,Tequila,テキーラ,BV12,男,近战位,爆发,活动获得 记录修复奖励,标准,标准,普通,优良,标准,普通,199,解放者,玻利瓦尔,
水月,特种,5,东,东国,,阿戈尔,Mizuki,ミヅキ,HK07,男,近战位,输出 控场,中坚寻访,标准,普通,标准,普通,普通,缺陷,201,伏击客,东,
羽毛笔,近卫,4,玻利瓦尔,玻利瓦尔,,黎博利,La Pluma,ラ・プルマ,BV13,女,近战位,输出,中坚寻访,标准,优良,标准,标准,标准,标准,200,收割者,玻利瓦尔,
琴柳,先锋,5,维多利亚,维多利亚,,瓦伊凡,Saileach,サイラッハ,VC10,女,近战位,费用回复 支援,中坚寻访,优良,标准,优良,普通,标准,标准,205,执旗手,维多利亚,
桑葚,医疗,4,炎,炎,,黎博利,Mulberry,マルベリー,YD03,女,远程位,治疗,中坚寻访,普通,标准,普通,普通,普通,标准,204,行医,炎,
罗比菈塔,辅助,3,哥伦比亚,哥伦比亚,,阿纳缇,Roberta,ロベルタ,CB11,女,近战位,防护 支援,标准寻访 中坚寻访,普通,普通,标准,标准,标准,普通,203,工匠,哥伦比亚,
远牙,狙击,5,红松骑士团,卡西米尔,,黎博利,Fartooth,ファートゥース,KZ13,女,远程位,输出,中坚寻访,标准,优良,标准,普通,优良,标准,207,神射手,卡西米尔,红松骑士团
灰毫,重装,4,红松骑士团,卡西米尔,,札拉克,Ashlock,アッシュロック,KZ12,女,近战位,输出 防护,中坚寻访,优良,标准,优良,标准,标准,标准,206,要塞,卡西米尔,红松骑士团
正义骑士号,狙击,0,红松骑士团,,,,&quot;Justice Knight&quot;,ジャスティスナイト,KZ15,女,远程位,支援机械 支援,公开招募 活动获得,,,,,,,208,速射手,卡西米尔,红松骑士团
布丁,术师,3,哥伦比亚,哥伦比亚,,阿戈尔,Pudding,プリン,CB03,女,远程位,输出,凭证交易所(采购),缺陷,标准,标准,普通,标准,标准,209,链术师,哥伦比亚,
蜜莓,医疗,4,雷姆必拓,雷姆必拓,,札拉克,Honeyberry,ハニーベリー,RB06,女,远程位,治疗,凭证交易所(采购),普通,标准,普通,普通,普通,标准,210,行医,雷姆必拓,
焰尾,先锋,5,红松骑士团,卡西米尔,,札拉克,Flametail,フレイムテイル,KZ11,女,近战位,费用回复 生存,中坚寻访,标准,优良,标准,优良,标准,标准,213,尖兵,卡西米尔,红松骑士团
野鬃,先锋,4,红松骑士团,卡西米尔,,库兰塔,Wild Mane,ワイルドメイン,KZ14,女,近战位,费用回复 输出,活动获得 记录修复奖励,优良,优良,标准,普通,标准,标准,211,冲锋手,卡西米尔,红松骑士团
蚀清,术师,4,哥伦比亚,哥伦比亚,,斐迪亚,Corroserum,コロセラム,CB12,男,远程位,群攻 削弱,中坚寻访,普通,普通,普通,标准,标准,优良,212,轰击术师,哥伦比亚,
耀骑士临光,近卫,5,卡西米尔,卡西米尔,,库兰塔,Nearl the Radiant Knight,耀騎士ニアール,KZ01,女,近战位,输出,限定寻访,优良,优良,优良,优良,卓越,优良,214,无畏者,卡西米尔,
极光,重装,4,谢拉格,谢拉格,,乌萨斯,Aurora,オーロラ,JC09,女,近战位,输出 防护,中坚寻访,标准,普通,优良,标准,标准,普通,216,决战者,谢拉格,
灵知,辅助,5,喀兰贸易,谢拉格,,黎博利,Gnosis,ノーシス,JC02,男,远程位,削弱,中坚寻访,标准,标准,标准,优良,标准,优良,217,削弱者,谢拉格,喀兰贸易
耶拉,术师,4,谢拉格,谢拉格,,未公开,Kjera,イェラ,JC00,女,远程位,输出 控场,活动获得 记录修复奖励,普通,标准,标准,优良,标准,缺陷,215,驭械术师,谢拉格,
暮落,重装,4,维多利亚,维多利亚,,斐迪亚,Shalem,シャレム,VC07,男,近战位,输出 防护,活动获得,标准,标准,标准,标准,优良,标准,218,驭法铁卫,维多利亚,
九色鹿,辅助,4,炎,炎,,埃拉菲亚,Nine-Colored Deer,九色鹿,YD09,女,远程位,支援 生存,活动获得,普通,普通,标准,优良,标准,标准,219,护佑者,炎,
寒芒克洛丝,狙击,4,罗德岛,雷姆必拓,,卡特斯,Kroos the Keen Glint,寒芒クルース,RF02,女,远程位,输出,活动获得 记录修复奖励,标准,标准,标准,优良,优良,标准,220,速射手,罗德岛,
令,辅助,5,炎-岁,炎,,未公开,Ling,リィン,NM03,女,远程位,召唤 支援 控场,限定寻访,标准,普通,标准,优良,普通,缺陷,223,召唤师,炎,炎-岁
老鲤,特种,5,鲤氏侦探事务所,炎,鲤氏侦探事务所,龙,Lee,リー,LM18,男,近战位,快速复活 生存 输出,中坚寻访,标准,标准,标准,优良,标准,优良,222,行商,炎-龙门,
夜半,先锋,4,雷姆必拓,雷姆必拓,,萨弗拉,Blacknight,ブラックナイト,RB12,女,远程位,费用回复 控场,中坚寻访,普通,标准,普通,优良,标准,标准,221,战术家,雷姆必拓,
澄闪,术师,5,维多利亚,维多利亚,,菲林,Goldenglow,ゴールデングロー,VC09,女,远程位,输出,中坚寻访,普通,普通,普通,普通,普通,优良,225,驭械术师,维多利亚,
夏栎,辅助,4,罗德岛,维多利亚,,菲林,Quercus,クエルクス,R121,女,远程位,支援 生存,中坚寻访,标准,标准,标准,优良,标准,优良,224,护佑者,罗德岛,
菲亚梅塔,狙击,5,拉特兰,拉特兰,,黎博利,Fiammetta,フィアメッタ,LT11,女,远程位,输出,中坚寻访,标准,优良,优良,标准,优良,标准,228,炮手,拉特兰,
风丸,特种,4,东,东国,,菲林,Kazemaru,カゼマル,HK09,女,近战位,输出 快速复活,中坚寻访,标准,标准,标准,普通,优良,标准,227,傀儡师,东,
见行者,特种,4,拉特兰,拉特兰,,萨科塔,Enforcer,エンフォーサー,LT10,男,近战位,位移 控场,活动获得 记录修复奖励,标准,优良,标准,标准,优良,标准,226,推击手,拉特兰,
海蒂,辅助,4,维多利亚,维多利亚,,菲林,Heidi,ハイディ,VC19,女,远程位,支援 治疗,主线剧情,普通,普通,普通,优良,普通,普通,230,吟游者,维多利亚,
褐果,医疗,3,罗德岛,未公开,,杜林,Chestnut,チェストナット,R134,男,远程位,治疗,标准寻访 中坚寻访,普通,标准,标准,标准,普通,标准,229,行医,罗德岛,
洛洛,术师,4,维多利亚,维多利亚,,菲林,Rockrock,ロックロック,VC18,女,远程位,输出,中坚寻访,标准,标准,标准,优良,标准,标准,231,驭械术师,维多利亚,
号角,重装,5,维多利亚,维多利亚,,鲁珀,Horn,ホルン,VC16,女,近战位,输出 防护,中坚寻访,优良,标准,优良,优良,优良,标准,232,要塞,维多利亚,
掠风,辅助,4,哥伦比亚,哥伦比亚,,佩洛,Windflit,ウインドフリット,CB19,男,近战位,输出 支援,中坚寻访,标准,标准,优良,普通,普通,标准,233,工匠,哥伦比亚,
流明,医疗,5,伊比利亚,伊比利亚,,阿戈尔,Lumen,ルーメン,II09,男,远程位,治疗 支援,活动获得 记录修复奖励,普通,普通,标准,标准,普通,普通,234,疗养师,伊比利亚,
归溟幽灵鲨,特种,5,深海猎人,阿戈尔,,阿戈尔,Specter the Unchained,帰溟スペクター,CR02,女,近战位,输出 快速复活,限定寻访,卓越,优良,卓越,标准,优良,缺陷,236,傀儡师,阿戈尔,深海猎人
艾丽妮,近卫,5,伊比利亚,伊比利亚,,黎博利,Irene,アイリーニ,II07,女,近战位,爆发 输出 控场,中坚寻访,普通,优良,标准,优良,优良,标准,235,剑豪,伊比利亚,
埃拉托,狙击,4,米诺斯,米诺斯,,黎博利,Erato,エラト,MN07,女,远程位,输出 控场,活动获得 凭证交易所(高级/通用),标准,优良,标准,普通,标准,优良,237,攻城手,米诺斯,
车尔尼,重装,4,莱塔尼亚,莱塔尼亚,,埃拉菲亚,Czerny,ツェルニー,LN06,男,近战位,防护 输出,活动获得 记录修复奖励,标准,标准,标准,标准,普通,优良,238,驭法铁卫,莱塔尼亚,
黑键,术师,5,莱塔尼亚,莱塔尼亚,,卡普里尼,Ebenholz,エーベンホルツ,LN05,男,远程位,输出,中坚寻访,标准,普通,普通,标准,标准,卓越,240,秘术师,莱塔尼亚,
濯尘芙蓉,医疗,4,罗德岛,维多利亚,,萨卡兹,Hibiscus the Purifier,濯塵ハイビスカス,RF03,女,远程位,治疗,中坚寻访,普通,标准,标准,优良,普通,优良,239,咒愈师,罗德岛,
承曦格雷伊,狙击,4,罗德岛,玻利瓦尔,,佩洛,Greyy the Lightningbearer,承曦グレイ,RF23,男,远程位,输出 减速,中坚寻访,普通,标准,标准,普通,标准,标准,242,投掷手,罗德岛,
多萝西,特种,5,莱茵生命,哥伦比亚,,札拉克,Dorothy,ドロシー,RL07,女,远程位,召唤 控场,中坚寻访,普通,普通,标准,标准,普通,优良,243,陷阱师,哥伦比亚,莱茵生命
星源,术师,4,莱茵生命,哥伦比亚,,黎博利,Astgenne,アステジーニ,RL08,女,远程位,输出,活动获得 记录修复奖励,普通,标准,标准,标准,标准,标准,241,链术师,哥伦比亚,莱茵生命
鸿雪,狙击,5,罗德岛,乌萨斯,,鲁珀,Позёмка,パゼオンカ,R145,女,远程位,输出,标准寻访,标准,普通,标准,优良,标准,标准,246,重射手,罗德岛,
晓歌,先锋,4,罗德岛,玻利瓦尔,,黎博利,Cantabile,カンタービレ,R143,女,近战位,费用回复 快速复活,标准寻访,标准,普通,标准,标准,标准,标准,245,情报官,罗德岛,
至简,术师,4,萨尔贡,杜林,,杜林,Minimalist,ミニマリスト,SG09,男,远程位,输出,活动获得 记录修复奖励,普通,普通,普通,标准,普通,优良,244,驭械术师,萨尔贡,
百炼嘉维尔,近卫,5,罗德岛,萨尔贡,,阿达克利斯,Gavial the Invincible,百錬ガヴィル,RF22,女,近战位,爆发 输出 生存,限定寻访,优良,标准,优良,标准,优良,标准,247,强攻手,罗德岛,
但书,辅助,4,卡西米尔,卡西米尔,,库兰塔,Proviso,プロヴァイゾ,KZ10,女,远程位,削弱 减速,标准寻访,普通,标准,普通,标准,普通,普通,248,凝滞师,卡西米尔,
玛恩纳,近卫,5,卡西米尔,卡西米尔,,库兰塔,Młynar,ムリナール,KZ08,男,近战位,输出 爆发,标准寻访,优良,卓越,优良,标准,卓越,优良,249,解放者,卡西米尔,
罗小黑,近卫,3,炎,未知,,菲林,Luo Xiaohei,羅小黒,R161,男,近战位,输出,活动获得,优良,优良,标准,标准,优良,■■,250,领主,炎,
海沫,近卫,4,伊比利亚,伊比利亚,,阿戈尔,Highmore,ハイモア,II10,女,近战位,输出,活动获得,优良,标准,卓越,普通,标准,缺陷,251,收割者,伊比利亚,
白铁,辅助,5,维多利亚,维多利亚,,菲林,Stainless,ステインレス,VC17,男,近战位,支援 输出,标准寻访,普通,标准,标准,优良,标准,标准,255,工匠,维多利亚,
达格达,近卫,4,格拉斯哥帮,维多利亚,,菲林,Dagda,ダグザ,GG04,女,近战位,输出 生存,主线剧情,标准,优良,标准,标准,优良,标准,253,斗士,维多利亚,格拉斯哥帮
明椒,医疗,4,罗德岛,哥伦比亚,,萨卡兹,Paprika,パプリカ,R175,女,远程位,治疗,标准寻访,标准,标准,标准,普通,标准,优良,254,链愈师,罗德岛,
铅踝,狙击,3,萨尔贡,萨尔贡,,黎博利,Totter,トター,SG11,男,远程位,输出,标准寻访 中坚寻访,普通,缺陷,标准,标准,标准,标准,252,攻城手,萨尔贡,
斥罪,重装,5,叙拉古,叙拉古,,鲁珀,Penance,ペナンス,SR35,女,近战位,生存 输出,标准寻访,标准,普通,标准,标准,普通,标准,260,不屈者,叙拉古,
伺夜,先锋,5,叙拉古,叙拉古,,鲁珀,Vigil,ヴィジェル,SR36,男,远程位,费用回复 控场,活动获得 记录修复奖励,标准,标准,标准,优良,优良,标准,259,战术家,叙拉古,
石英,近卫,3,哥伦比亚,哥伦比亚,,鲁珀,Quartz,クォーツ,CB18,女,近战位,输出,凭证交易所(采购),标准,普通,标准,优良,标准,标准,256,重剑手,哥伦比亚,
雪绒,术师,4,萨米,萨米,,沃尔珀,Qanipalaat,カニパラート,SI03,男,远程位,输出 控场,凭证交易所(采购),标准,普通,标准,标准,普通,优良,257,中坚术师,萨米,
子月,狙击,4,叙拉古,叙拉古,,鲁珀,Lunacub,ルナカブ,SR37,女,远程位,输出 生存,标准寻访,标准,卓越,普通,优良,标准,标准,258,神射手,叙拉古,
缄默德克萨斯,特种,5,企鹅物流,哥伦比亚,,鲁珀,Texas the Omertosa,血掟テキサス,PL07,女,近战位,快速复活 输出,限定寻访,优良,优良,标准,优良,优良,优良,261,处决者,炎-龙门,企鹅物流
和弦,术师,4,塔拉,维多利亚,,菲林,Harmonie,ハーモニー,DB03,女,远程位,输出,标准寻访,标准,普通,标准,优良,标准,优良,263,秘术师,维多利亚,塔拉
谜图,先锋,4,维多利亚,维多利亚,,瓦伊凡,Puzzle,パズル,VC21,男,近战位,费用回复 快速复活,活动获得 记录修复奖励,优良,标准,标准,优良,标准,标准,262,情报官,维多利亚,
焰影苇草,医疗,5,塔拉,维多利亚,,德拉克,Reed The Flame Shadow,焔影リード,DB02,女,远程位,治疗 输出 削弱,标准寻访,优良,优良,标准,优良,优良,卓越,264,咒愈师,维多利亚,塔拉
重岳,近卫,5,炎-岁,炎,,未公开,Chongyue,チョンユエ,NM04,男,近战位,爆发,限定寻访,优良,优良,标准,卓越,■■,缺陷,268,斗士,炎,炎-岁
截云,狙击,4,炎,炎,,阿纳萨,Jieyun,ジエユン,YD15,女,远程位,群攻 减速,活动获得 记录修复奖励,标准,标准,标准,普通,优良,标准,265,炮手,炎,
林,术师,5,炎-龙门,龙门,,札拉克,Lin,リン,LM21,女,远程位,群攻 防护,标准寻访,标准,优良,标准,标准,优良,卓越,267,阵法术师,炎-龙门,
火哨,重装,4,雷姆必拓,雷姆必拓,,黎博利,Firewhistle,ファイヤーホイッスル,RB09,女,近战位,输出 防护,标准寻访,优良,标准,标准,优良,标准,普通,266,要塞,雷姆必拓,
铎铃,近卫,4,炎,炎,,丰蹄,Wind Chimes,ウィンドチャイム,YD17,女,近战位,输出,标准寻访,标准,标准,优良,普通,标准,标准,269,重剑手,炎,
仇白,近卫,5,炎,炎,,埃拉菲亚,Qiubai,チューバイ,YD20,女,近战位,输出 控场,标准寻访,优良,优良,优良,标准,卓越,标准,270,领主,炎,
泰拉大陆调查团,狙击,0,罗德岛,未知,,未公开,Terra Research Commission,テラ大陸調査団,MH01,未知,远程位,控场,活动获得,普通,优良,普通,普通,普通,■■,271,投掷手,罗德岛,
火龙S黑角,近卫,4,行动组A4,东国,行动组A4,鬼,Rathalos S Noir Corne,レウスSノイルホーン,MH03,男,近战位,生存 输出,联动寻访,优良,普通,优良,普通,优良,标准,272,武者,罗德岛,
麒麟R夜刀,特种,5,行动组A4,东国,行动组A4,鬼,Kirin R Yato,キリンRヤトウ,MH02,女,近战位,快速复活 爆发,联动寻访,优良,优良,标准,标准,优良,标准,273,处决者,罗德岛,
U-Official,辅助,0,罗德岛,未公开,,札拉克,U-Official,U-Official,U007,女,远程位,控场,活动获得,普通,缺陷,普通,缺陷,缺陷,普通,274,吟游者,罗德岛,
休谟斯,近卫,3,罗德岛,哥伦比亚,,丰蹄,Humus,ヒューマス,R171,男,近战位,输出 生存,标准寻访 中坚寻访,标准,标准,优良,普通,标准,标准,275,收割者,罗德岛,
洋灰,重装,4,雷姆必拓,雷姆必拓,,札拉克,Cement,セメント,RB11,女,近战位,防护,标准寻访,优良,普通,优良,标准,普通,标准,277,决战者,雷姆必拓,
摩根,近卫,4,格拉斯哥帮,维多利亚,,菲林,Morgan,モーガン,GG02,女,近战位,输出,主线剧情,标准,普通,标准,优良,优良,普通,276,无畏者,维多利亚,格拉斯哥帮
伊内丝,先锋,5,巴别塔,卡兹戴尔,,未公开,Ines,イネス,B215,女,近战位,费用回复 快速复活,标准寻访,标准,优良,优良,标准,标准,优良,278,情报官,,巴别塔
淬羽赫默,辅助,5,莱茵生命,哥伦比亚,,黎博利,Silence the Paradigmatic,淬羽サイレンス,RL10,女,远程位,支援 生存 治疗,活动获得 记录修复奖励,普通,标准,普通,优良,标准,优良,280,护佑者,哥伦比亚,莱茵生命
霍尔海雅,术师,5,哥伦比亚,哥伦比亚,,未公开,Ho&#039;olheyak,ホルハイヤ,CB88,女,远程位,输出 控场,标准寻访,优良,优良,标准,优良,卓越,优良,281,中坚术师,哥伦比亚,
玫拉,狙击,4,哥伦比亚,哥伦比亚,,斐迪亚,Melanite,メラナイト,CB22,女,远程位,输出 爆发,标准寻访,标准,优良,标准,优良,标准,标准,279,重射手,哥伦比亚,
缪尔赛思,先锋,5,莱茵生命,未公开,,精灵,Muelsyse,ミュルジス,RL09,女,远程位,费用回复 控场,限定寻访,普通,卓越,普通,优良,优良,缺陷,282,战术家,哥伦比亚,莱茵生命
Friston-3,重装,0,罗德岛,,,,Friston-3,Friston-3,RCX5,男,近战位,支援机械 防护,公开招募 活动获得,,,,,,,283,铁卫,罗德岛,
空构,特种,4,拉特兰,拉特兰,,萨科塔,Spuria,スプリア,LT12,女,远程位,支援 输出,标准寻访,普通,优良,标准,标准,优良,普通,285,怪杰,拉特兰,
圣约送葬人,近卫,5,拉特兰,拉特兰,,萨科塔,Executor the Ex Foedere,聖約イグゼキュター,LT40,男,近战位,输出,标准寻访,优良,标准,标准,优良,优良,标准,286,收割者,拉特兰,
隐现,狙击,4,拉特兰,拉特兰,,萨科塔,Insider,インサイダー,LT13,男,远程位,输出,活动获得 记录修复奖励,优良,标准,标准,标准,优良,标准,284,速射手,拉特兰,
寒檀,术师,4,萨米,萨米,,菲林,Santalla,サンタラ,SI02,女,远程位,群攻 控场,标准寻访,标准,标准,优良,标准,标准,优良,287,扩散术师,萨米,
提丰,狙击,5,萨米,萨米,,萨卡兹,Typhon,ティフォン,SI07,女,远程位,输出,标准寻访,优良,标准,优良,普通,优良,标准,288,攻城手,萨米,
凛视,辅助,4,萨米,萨米,,萨卡兹,Valarqvin,ヴァラルクビン,SI06,女,远程位,元素,活动获得,标准,普通,标准,优良,标准,优良,289,巫役,萨米,
苍苔,近卫,4,汐斯塔,汐斯塔,,黎博利,Bryophyta,ブライオファイタ,SS03,男,近战位,输出 支援,活动获得 记录修复奖励,普通,普通,标准,普通,普通,标准,290,教官,哥伦比亚,汐斯塔
纯烬艾雅法拉,医疗,5,莱塔尼亚,莱塔尼亚,,卡普里尼,Eyjafjalla the Hvít Aska,純燼エイヤフィヤトラ,LN10,女,远程位,治疗,限定寻访,普通,普通,缺陷,普通,普通,卓越,293,行医,莱塔尼亚,
青枳,先锋,4,汐斯塔,汐斯塔,,黎博利,Poncirus,ポンシラス,SS04,女,近战位,费用回复 防护,标准寻访,标准,普通,普通,普通,普通,标准,291,尖兵,哥伦比亚,汐斯塔
琳琅诗怀雅,特种,5,炎-龙门,龙门,,菲林,Swire the Elegant Wit,琳琅スワイヤー,LM22,女,近战位,快速复活 爆发,标准寻访,标准,标准,标准,优良,标准,标准,292,行商,炎-龙门,
冰酿,狙击,4,哥伦比亚,哥伦比亚,,埃拉菲亚,Coldshot,コールドショット,CB28,女,远程位,输出,活动获得 记录修复奖励,标准,标准,标准,标准,标准,标准,294,猎手,哥伦比亚,
涤火杰西卡,重装,5,黑钢国际,维多利亚,,菲林,Jessica the Liberated,滌火ジェシカ,BS30,女,近战位,防护 生存 输出,标准寻访,优良,优良,优良,标准,标准,标准,296,哨戒铁卫,哥伦比亚,黑钢国际
杏仁,特种,4,黑钢国际,哥伦比亚,,佩洛,Almond,アーモンド,BS05,女,近战位,位移,标准寻访,普通,普通,标准,标准,标准,普通,295,钩索师,哥伦比亚,黑钢国际
刺玫,医疗,4,维多利亚,维多利亚,,菲林,Vendela,ヴァンデラ,VC24,女,远程位,治疗,标准寻访,缺陷,普通,标准,标准,普通,标准,299,咒愈师,维多利亚,
戴菲恩,术师,4,维多利亚,维多利亚,,菲林,Delphine,デルフィーン,VC23,女,远程位,输出,主线剧情,标准,标准,标准,优良,标准,标准,298,秘术师,维多利亚,
赫德雷,近卫,5,巴别塔,卡兹戴尔,,萨卡兹,Hoederer,ヘドリー,B216,男,近战位,输出,标准寻访,标准,标准,标准,优良,优良,优良,300,重剑手,,巴别塔
维荻,特种,3,维多利亚,维多利亚,,斐迪亚,Verdant,ヴァーダント,VC25,男,近战位,生存 快速复活,标准寻访 中坚寻访,普通,优良,普通,标准,普通,标准,297,傀儡师,维多利亚,
深律,重装,4,莱塔尼亚,莱塔尼亚,,鲁珀,Bassline,ベースライン,LN13,男,近战位,防护 治疗,标准寻访,标准,标准,标准,优良,标准,优良,303,守护者,莱塔尼亚,
跃跃,狙击,3,玻利瓦尔,玻利瓦尔,,卡特斯,Caper,ケイパー,BV32,女,远程位,输出,凭证交易所(采购),普通,标准,普通,标准,普通,标准,301,回环射手,玻利瓦尔,
折光,术师,4,莱塔尼亚,莱塔尼亚,,卡普里尼,Diamante,ディアマンテ,LN21,男,远程位,元素 输出,凭证交易所(采购),普通,优良,标准,优良,普通,标准,302,本源术师,莱塔尼亚,
薇薇安娜,近卫,5,莱塔尼亚,莱塔尼亚,,埃拉菲亚,Viviana,ヴィヴィアナ,LN11,女,近战位,输出 生存,标准寻访,标准,优良,标准,标准,优良,卓越,305,术战者,莱塔尼亚,
止颂,近卫,5,莱塔尼亚,莱塔尼亚,,卡普里尼,Lessing,レッシング,LN07,男,近战位,输出,活动获得 记录修复奖励,优良,标准,优良,标准,标准,标准,304,无畏者,莱塔尼亚,
塑心,辅助,5,拉特兰,拉特兰,,萨科塔,Virtuosa,ヴィルトゥオーサ,LT22,女,远程位,元素 支援,限定寻访,标准,标准,标准,标准,优良,卓越,306,巫役,拉特兰,
哈洛德,医疗,4,维多利亚,维多利亚,,菲林,Harold,ハロルド,VC27,男,远程位,治疗,活动获得 记录修复奖励,标准,标准,优良,优良,优良,优良,307,行医,维多利亚,
烈夏,近卫,4,乌萨斯学生自治团,乌萨斯,乌萨斯学生自治团,乌萨斯,Лето,リェータ,USS5,女,近战位,输出 支援,标准寻访,优良,普通,优良,标准,标准,普通,308,领主,乌萨斯,
锏,近卫,5,喀兰贸易,莱塔尼亚,,卡普里尼,Degenbrecher,デーゲンブレヒャー,JC07,女,近战位,爆发 输出 削弱,标准寻访,卓越,优良,卓越,优良,卓越,缺陷,309,剑豪,谢拉格,喀兰贸易
莱伊,狙击,5,雷姆必拓,雷姆必拓,,卡特斯,Ray,レイ,RB15,女,远程位,输出,标准寻访,标准,优良,优良,普通,标准,标准,311,猎手,雷姆必拓,
温米,术师,4,雷姆必拓,雷姆必拓,,卡特斯,Warmy,ウォーミー,RB14,女,远程位,元素 爆发,标准寻访,普通,普通,标准,普通,标准,优良,310,本源术师,雷姆必拓,
万顷,先锋,4,炎,炎,,丰蹄,Wanqing,ワンチィン,YD13,男,近战位,费用回复 支援,活动获得 记录修复奖励,标准,标准,优良,普通,标准,优良,312,执旗手,炎,
小满,辅助,4,炎,炎,,黎博利,Grain Buds,グレインバッズ,YD14,女,远程位,减速 控场,标准寻访,普通,标准,普通,普通,普通,优良,313,凝滞师,炎,
左乐,近卫,5,炎,炎,,斐迪亚,Zuo Le,ズオ・ラウ,YD06,男,近战位,输出 生存,标准寻访,标准,卓越,标准,优良,标准,标准,314,武者,炎,
黍,重装,5,炎-岁,炎,,未公开,Shu,シュウ,NM05,女,近战位,防护 治疗 支援,限定寻访,标准,标准,■■,普通,普通,缺陷,315,守护者,炎,炎-岁
红隼,先锋,4,萨尔贡,萨尔贡,,黎博利,Kestrel,ケストレル,SG12,女,近战位,费用回复 输出,活动获得,标准,普通,优良,普通,标准,标准,316,尖兵,萨尔贡,
艾拉,特种,5,彩虹小队,未知,彩虹小队,未知,Ela,Ela,RS05,女,远程位,召唤 控场 输出,联动寻访,普通,标准,标准,优良,优良,■■,320,陷阱师,,
导火索,近卫,4,彩虹小队,未知,彩虹小队,未知,Fuze,Fuze,RS08,男,近战位,群攻 生存,活动获得,标准,普通,标准,优良,优良,■■,317,强攻手,,
双月,特种,4,彩虹小队,未知,彩虹小队,未知,Iana,Iana,RS07,女,近战位,削弱 快速复活,联动寻访,普通,优良,普通,优良,优良,■■,318,傀儡师,,
医生,近卫,4,彩虹小队,未知,彩虹小队,未知,Doc,Doc,RS06,男,近战位,治疗 支援,联动寻访,标准,普通,普通,优良,优良,■■,319,教官,,
阿斯卡纶,特种,5,S.W.E.E.P.,卡兹戴尔,,萨卡兹,Ascalon,アスカロン,SW00,女,近战位,减速 输出,标准寻访,优良,卓越,标准,标准,卓越,卓越,324,伏击客,罗德岛,S.W.E.E.P.
奥达,近卫,4,罗德岛,卡兹戴尔,,萨卡兹,Odda,オッダ,R167,男,近战位,群攻 控场,活动获得 记录修复奖励,普通,普通,优良,普通,标准,标准,322,撼地者,罗德岛,
露托,重装,3,玻利瓦尔,玻利瓦尔,,札拉克,Lutonada,ルトナダ,BV33,女,近战位,生存 防护,标准寻访 中坚寻访,标准,标准,优良,标准,标准,标准,321,不屈者,玻利瓦尔,
阿罗玛,术师,4,叙拉古,叙拉古,,鲁珀,Aroma,アロマ,SR39,女,远程位,群攻 控场,标准寻访,普通,标准,普通,标准,标准,标准,323,轰击术师,叙拉古,
PhonoR-0,辅助,0,罗德岛,,,,PhonoR-0,PhonoR-0,RCX6,女,远程位,支援机械 元素,公开招募 活动获得,,,,,,,325,巫役,罗德岛,
阿米娅(医疗),医疗,4,罗德岛,雷姆必拓,,卡特斯/奇美拉,Amiya,,R001,女,远程位,治疗 输出,主线剧情,普通,标准,普通,优良,标准,■■,330,咒愈师,罗德岛,
魔王,辅助,5,罗德岛,卡兹戴尔,,未公开,Civilight Eterna,シヴィライト・エテルナ,DWDB,女,远程位,支援 生存 输出,主线剧情,优良,标准,优良,卓越,优良,卓越,327,吟游者,罗德岛,
维什戴尔,狙击,5,巴别塔,卡兹戴尔,,萨卡兹,Wiš&#039;adel,ウィシャデル,B00W,女,远程位,输出,限定寻访,标准,标准,优良,卓越,优良,标准,329,投掷手,,巴别塔
逻各斯,术师,5,罗德岛-精英干员,卡兹戴尔,,萨卡兹,Logos,ロゴス,RE03,男,远程位,输出,标准寻访,标准,卓越,标准,优良,卓越,■■,328,中坚术师,罗德岛,罗德岛-精英干员
历阵锐枪芬,先锋,4,罗德岛,卡西米尔,,库兰塔,Fang the Fire-sharpened,歴陣鋭槍フェン,RF04,女,近战位,费用回复 输出,标准寻访,标准,优良,标准,优良,标准,标准,326,冲锋手,罗德岛,
海霓,辅助,4,阿戈尔,阿戈尔,,阿戈尔,Lucilla,ルシーラ,AE05,女,远程位,削弱,标准寻访,普通,普通,普通,标准,标准,缺陷,332,削弱者,阿戈尔,
深巡,重装,4,阿戈尔,阿戈尔,,阿戈尔,Underflow,アンダーフロー,AE03,女,近战位,防护 输出 减速,活动获得,标准,标准,优良,优良,标准,缺陷,331,哨戒铁卫,阿戈尔,
乌尔比安,近卫,5,深海猎人,阿戈尔,,阿戈尔,Ulpianus,ウルピアヌス,AA00,男,近战位,输出 生存,标准寻访,卓越,优良,卓越,优良,卓越,缺陷,333,重剑手,阿戈尔,深海猎人
渡桥,先锋,4,罗德岛,卡兹戴尔,,萨卡兹,Mitm,ミトム,R184,男,远程位,费用回复 爆发,标准寻访,标准,普通,普通,标准,标准,标准,334,战术家,罗德岛,
妮芙,术师,5,罗德岛,卡兹戴尔,,萨卡兹,Nymph,ニンフ,R182,女,远程位,元素 输出 控场,标准寻访,普通,标准,标准,普通,普通,优良,335,本源术师,罗德岛,
锡人,特种,4,哥伦比亚,未公开,,未公开,Tin Man,ブリキ,CB30,男,远程位,削弱 支援,活动获得,标准,优良,■■,优良,优良,缺陷,336,炼金师,哥伦比亚,
衡沙,辅助,4,萨尔贡,萨尔贡,,黎博利,Sand Reckoner,サンドレコナー,SG23,男,远程位,召唤 减速,标准寻访,标准,标准,普通,标准,普通,优良,338,召唤师,萨尔贡,
娜仁图亚,狙击,5,萨尔贡,萨尔贡,,库兰塔,Narantuya,ナラントゥヤ,SG17,女,远程位,输出,标准寻访,优良,优良,优良,标准,标准,优良,339,回环射手,萨尔贡,
莎草,医疗,4,萨尔贡,萨尔贡,,菲林,Papyrus,パピルス,SG19,女,远程位,治疗,活动获得,普通,普通,普通,标准,普通,标准,337,链愈师,萨尔贡,
佩佩,近卫,5,萨尔贡,萨尔贡,,菲林,Pepe,ペペ,SG14,女,近战位,输出 控场,限定寻访,标准,普通,标准,优良,优良,标准,340,撼地者,萨尔贡,
莱欧斯,近卫,4,莱欧斯小队,北方大陆（自称）,莱欧斯小队,长身人（自称）,Laios,ライオス,DD01,男,近战位,输出 控场,联动寻访,标准,普通,标准,标准,标准,■■,343,无畏者,,
玛露西尔,术师,5,莱欧斯小队,北方大陆（自称）,莱欧斯小队,精灵,Marcille,マルシル,DD02,女,远程位,群攻 治疗 控场,联动寻访,普通,普通,普通,标准,优良,■■,344,扩散术师,,
齐尔查克,先锋,4,莱欧斯小队,东方大陆（自称）,莱欧斯小队,半身人（自称）,Chilchuck,チルチャック,DD03,男,近战位,费用回复 快速复活,联动寻访,缺陷,标准,普通,标准,缺陷,■■,342,情报官,,
森西,重装,4,莱欧斯小队,伊兹甘达（自称）,莱欧斯小队,矮人（自称）,Senshi,センシ,DD04,男,近战位,防护 治疗,活动获得,标准,普通,优良,普通,普通,■■,341,守护者,,
波卜,辅助,4,哥伦比亚,哥伦比亚,,佩洛,Bobbing,ボビング,CB32,男,远程位,元素,标准寻访,标准,普通,标准,标准,普通,优良,346,巫役,哥伦比亚,
维娜·维多利亚,近卫,5,维多利亚,维多利亚,,阿斯兰,Vina Victoria,ヴィーナ・ヴィクトリア,VC00,女,近战位,输出 生存,标准寻访,优良,优良,优良,卓越,优良,标准,347,术战者,维多利亚,
凯瑟琳,辅助,4,维多利亚,维多利亚,,菲林,Catherine,キャサリン,VC20,女,近战位,防护 支援,活动获得,普通,普通,普通,优良,普通,标准,345,工匠,维多利亚,
云迹,特种,3,哥伦比亚,哥伦比亚,,札拉克,Contrail,コントレイル,CB33,女,近战位,高空 控场,凭证交易所(采购),普通,优良,标准,普通,普通,标准,348,巡空者,哥伦比亚,
裁度,特种,4,叙拉古,叙拉古,,鲁珀,Figurino,フィグリーノ,SR41,男,近战位,快速复活 控场,标准寻访,标准,普通,标准,普通,普通,标准,350,行商,叙拉古,
菲莱,重装,4,萨尔贡,萨尔贡,,萨卡兹,Philae,フィラエ,SG10,女,近战位,元素 防护,凭证交易所(采购),标准,普通,优良,标准,标准,优良,349,本源铁卫,萨尔贡,
荒芜拉普兰德,术师,5,叙拉古,叙拉古,,鲁珀,Lappland the Decadenza,荒蕪ラップランド,SR04,女,远程位,输出 削弱,限定寻访,优良,优良,标准,优良,卓越,优良,353,驭械术师,叙拉古,
忍冬,先锋,5,叙拉古,叙拉古,,沃尔珀,Vulpisfoglia,ウルピスフォリア,SR40,女,近战位,费用回复 输出,标准寻访,优良,优良,标准,标准,卓越,标准,352,尖兵,叙拉古,
弑君者,特种,5,罗德岛,乌萨斯,,瑞柏巴,Crownslayer,クラウンスレイヤー,R315,女,近战位,快速复活,活动获得,标准,卓越,标准,标准,优良,优良,351,处决者,罗德岛,
瑰盐,医疗,4,伊比利亚,伊比利亚,,斐迪亚,Rose Salt,ローズソルト,II11,女,远程位,治疗 支援,活动获得,普通,标准,标准,标准,标准,普通,354,群愈师,伊比利亚,
特克诺,术师,4,玻利瓦尔,玻利瓦尔,,杜林,Tecno,テクノ,BV23,女,远程位,召唤,标准寻访,普通,标准,普通,普通,普通,标准,355,塑灵术师,玻利瓦尔,
引星棘刺,特种,5,伊比利亚,伊比利亚,,阿戈尔,Thorns the Lodestar,引星ソーンズ,II02,男,远程位,输出 支援 削弱,标准寻访,优良,标准,标准,优良,优良,优良,356,炼金师,伊比利亚,
行箸,辅助,4,炎,炎,,菲林,Xingzhu,シィンズゥ,YD18,女,远程位,支援 生存,活动获得,普通,普通,标准,普通,标准,标准,357,护佑者,炎,
寻澜,先锋,4,黑钢国际,哥伦比亚,,札拉克,Surfer,サーファー,BS07,女,近战位,费用回复 快速复活,标准寻访,标准,优良,标准,优良,标准,普通,358,情报官,哥伦比亚,黑钢国际
烛煌,术师,5,罗德岛-精英干员,炎,,菲林,Blaze the Igniting Spark,熾炎ブレイズ,REX1,女,远程位,元素 输出 群攻,标准寻访,优良,优良,优良,标准,优良,优良,359,本源术师,罗德岛,罗德岛-精英干员
余,重装,5,炎-岁,炎,,未公开,Yu,ユー,NM06,男,近战位,元素 防护,限定寻访,标准,优良,标准,普通,普通,缺陷,360,本源铁卫,炎,炎-岁
隐德来希,近卫,5,罗德岛,卡兹戴尔,,萨卡兹,Entelechia,エンテレケイア,R169,女,近战位,输出 生存,标准寻访,优良,优良,优良,卓越,优良,优良,362,收割者,罗德岛,
诺威尔,医疗,4,维多利亚,维多利亚,,沃尔珀,Nowell,ノウエル,VC29,男,远程位,治疗,标准寻访,普通,普通,普通,普通,普通,普通,361,疗养师,维多利亚,
水灯心,狙击,4,塔拉,维多利亚,,佩洛,Brigid,ブリギッド,DB04,女,远程位,输出,活动获得,普通,优良,标准,普通,标准,标准,363,回环射手,维多利亚,塔拉
死芒,术师,5,塔拉,维多利亚,,德拉克,Necrass,ネクラス,DB01,女,远程位,召唤 输出,标准寻访,标准,优良,普通,优良,优良,■■,365,塑灵术师,维多利亚,塔拉
钼铅,特种,4,萨尔贡,萨尔贡,,斐迪亚,Wulfenite,ウルフェナイト,SG27,女,远程位,召唤 削弱,标准寻访,普通,标准,普通,普通,普通,标准,364,陷阱师,萨尔贡,
阿兰娜,辅助,4,雷姆必拓,雷姆必拓,,萨弗拉,Alanna,アランナ,RB17,女,近战位,输出 支援,标准寻访,标准,普通,标准,普通,标准,普通,367,工匠,雷姆必拓,
骋风,近卫,3,炎,炎,,菲林,Windscoot,ウィンドスクート,YD22,男,近战位,爆发,标准寻访,标准,标准,普通,普通,标准,标准,366,解放者,炎,
Mon3tr,医疗,5,罗德岛,罗德岛,,未公开,Mon3tr,Mon3tr,R003,女,远程位,治疗 输出 支援,标准寻访,■■,卓越,■■,标准,卓越,缺陷,368,链愈师,罗德岛,
CONFESS-47,先锋,0,拉特兰,,,,CONFESS-47,CONFESS-47,LT47,未知,近战位,支援机械 控场,公开招募 活动获得,,,,,,,369,尖兵,拉特兰,
聆音,近卫,4,玻利瓦尔,玻利瓦尔,,未公开,Gracebearer,グレースベアラー,BV27,女,近战位,爆发 输出,标准寻访,标准,标准,标准,标准,优良,标准,370,本源近卫,玻利瓦尔,
新约能天使,特种,5,企鹅物流,拉特兰,,萨科塔,Exusiai the New Covenant,新約エクシア,PL08,女,远程位,输出 支援,限定寻访,标准,优良,标准,优良,优良,标准,373,怪杰,炎-龙门,企鹅物流
蕾缪安,狙击,5,拉特兰,拉特兰,,萨科塔,Lemuen,レミュアン,LT17,女,远程位,输出 爆发,标准寻访,缺陷,标准,缺陷,卓越,优良,标准,372,神射手,拉特兰,
信仰搅拌机,重装,5,拉特兰,拉特兰,,萨科塔,Sankta Miksaparato,サンクタ・ミキサー,LT32,男,近战位,防护 输出 支援,活动获得,优良,标准,标准,优良,卓越,标准,371,哨戒铁卫,拉特兰,
酒神,辅助,5,维多利亚,维多利亚,,菲林,Tragodia,トラゴーディア,CT01,男,远程位,元素 控场,标准寻访,标准,卓越,标准,优良,优良,卓越,376,巫役,维多利亚,
Miss.Christine,术师,4,维多利亚,未知,,未公开,Miss.Christine,ミス・クリスティーン,MEOW,女士,远程位,元素 输出,活动获得,标准,标准,标准,标准,标准,缺陷,374,本源术师,维多利亚,
蒂比,特种,4,哥伦比亚,哥伦比亚,,黎博利,Tippi,ティッピ,CB25,女,近战位,高空 生存,标准寻访,普通,标准,标准,普通,标准,普通,375,巡空者,哥伦比亚,
录武官,医疗,4,炎,炎,,佩洛,Record Keeper,レコードキーパー,YD26,男,远程位,治疗,标准寻访,缺陷,普通,普通,优良,普通,标准,377,医师,炎,
司霆惊蛰,近卫,5,炎,炎,,麒麟,Leizi the Thunderbringer,司霆レイズ,YD25,女,近战位,输出 爆发,标准寻访,标准,优良,标准,优良,优良,卓越,378,解放者,炎,
电弧,辅助,5,罗德岛-精英干员,乌萨斯,,黎博利,Raidian,レイディアン,RE10,女,远程位,召唤 输出 支援,活动获得,普通,标准,标准,优良,优良,优良,379,召唤师,罗德岛,罗德岛-精英干员
斩业星熊,重装,5,龙门近卫局,东国,,鬼,Hoshiguma the Breacher,斬業ホシグマ,LM23,女,近战位,输出 生存,限定寻访,优良,标准,卓越,优良,优良,普通,383,驭法铁卫,炎-龙门,龙门近卫局
遥,辅助,5,东,东国,,阿戈尔,Haruka,ハルカ,HK15,女,远程位,支援 生存 治疗,标准寻访,标准,普通,普通,普通,缺陷,标准,382,护佑者,东,
吉星,狙击,4,东,东国,,佩洛,Kichisei,キチセイ,HK16,女,远程位,群攻,标准寻访,普通,标准,标准,标准,普通,标准,381,散射手,东,
松桐,先锋,4,东,东国,,鲁珀,Matsukiri,マツキリ,HK17,男,近战位,费用回复 支援,活动获得,普通,标准,标准,优良,标准,普通,380,策士,东,
丰川祥子,近卫,5,Ave Mujica,未知,Ave Mujica,未知,Togawa Sakiko,豊川祥子,AM01,女,近战位,输出,联动寻访,普通,普通,普通,优良,标准,■■,388,领主,,
三角初华,辅助,4,Ave Mujica,未知,Ave Mujica,未知,Misumi Uika,三角初華,AM03,女,远程位,支援 治疗,联动寻访,标准,标准,标准,标准,标准,■■,387,吟游者,,
若叶睦,特种,4,Ave Mujica,未知,Ave Mujica,未知,Wakaba Mutsumi,若葉睦,AM05,女,近战位,防护 快速复活,联动寻访,普通,普通,普通,标准,标准,■■,386,傀儡师,,
八幡海铃,特种,4,Ave Mujica,未知,Ave Mujica,未知,Yahata Umiri,八幡海鈴,AM02,女,近战位,输出 控场,活动获得,普通,普通,标准,普通,普通,■■,385,伏击客,,
祐天寺若麦,近卫,4,Ave Mujica,未知,Ave Mujica,未知,Yūtenji Nyamu,祐天寺にゃむ,AM04,女,近战位,群攻 输出 削弱,活动获得,标准,普通,标准,普通,普通,■■,384,撼地者,,
真言,术师,5,罗德岛-精英干员,萨尔贡,,斐迪亚,Mantra,マントラ,RE06,女,远程位,元素 输出 控场,标准寻访,标准,标准,卓越,优良,优良,卓越,391,本源术师,罗德岛,罗德岛-精英干员
折桠,重装,4,乌萨斯,乌萨斯,,乌萨斯,Веточки,ヴェトチキ,US35,女,近战位,防护 生存,标准寻访,普通,普通,标准,普通,普通,标准,390,不屈者,乌萨斯,
冬时,先锋,3,乌萨斯,乌萨斯,,黎博利,Снегyрочка,スネグーラチカ,US38,女,近战位,费用回复 快速复活,标准寻访,缺陷,普通,标准,普通,普通,标准,389,情报官,乌萨斯,
凛御银灰,先锋,5,谢拉格,谢拉格,,菲林,SilverAsh the Reignfrost,凛御シルバーアッシュ,KJ01,男,近战位,费用回复 支援,限定寻访,标准,标准,标准,卓越,优良,标准,397,策士,谢拉格,
圣聆初雪,术师,5,谢拉格,谢拉格,,菲林,Pramanix the Prerita,聖聆プラマニクス,KJ02,女,远程位,群攻 控场,标准寻访,普通,普通,标准,优良,标准,卓越,396,阵法术师,谢拉格,
溯光星源,辅助,5,莱茵生命,哥伦比亚,,黎博利,Astgenne the Lightchaser,溯光アステジーニ,RL12,女,远程位,减速 支援 输出,活动获得,普通,标准,标准,标准,标准,标准,395,凝滞师,哥伦比亚,莱茵生命
雪猎,狙击,4,谢拉格,谢拉格,,乌萨斯,Snow Hunter,スノーハンター,KJ07,女,远程位,爆发 控场,标准寻访,标准,标准,标准,标准,标准,标准,394,猎手,谢拉格,
哈蒂娅,近卫,4,萨尔贡,哥伦比亚,,卡普里尼,Hadiya,ハディヤ,SG28,女,近战位,输出 控场,凭证交易所(采购),标准,标准,优良,标准,标准,普通,393,佣兵,萨尔贡,
协律,术师,3,莱塔尼亚,莱塔尼亚,,卡普里尼,Akkord,アコルト,LN22,女,远程位,群攻 输出,凭证交易所(采购),普通,普通,普通,普通,普通,标准,392,轰击术师,莱塔尼亚,
娜斯提,辅助,5,莱茵生命,卡兹戴尔,,萨卡兹,Nasti,ナスティ,RL11,女,近战位,支援 防护,标准寻访,优良,优良,标准,标准,卓越,标准,400,工匠,哥伦比亚,莱茵生命
响石,重装,4,哥伦比亚,哥伦比亚,,菲林,Cairn,ケルン,CB31,女,近战位,元素 防护,标准寻访,普通,优良,优良,标准,普通,标准,399,本源铁卫,哥伦比亚,
天空盒,狙击,4,哥伦比亚,哥伦比亚,,萨弗拉,Skybox,スカイボックス,CB54,男,远程位,群攻,活动获得,普通,优良,标准,优良,标准,普通,398,裂空炮手,哥伦比亚,
缇缇,医疗,5,萨尔贡,萨尔贡,,菲林,Titi,,SG15,女,远程位,治疗 防护 控场,标准寻访,普通,标准,标准,优良,优良,标准,403,咒愈师,萨尔贡,
撷英调香师,辅助,4,罗德岛,米诺斯,,沃尔珀,Perfumer the Distilled,,RF31,女,远程位,支援 生存,标准寻访,普通,标准,普通,标准,标准,优良,402,护佑者,罗德岛,
摆渡人,近卫,4,米诺斯,米诺斯,,丰蹄,Varkáris,,MN08,男,近战位,群攻 生存,活动获得,优良,普通,优良,普通,标准,优良,401,强攻手,米诺斯,
风絮,医疗,4,炎,萨尔贡,,库兰塔,Taraxacum,,YD29,男,远程位,治疗,标准寻访,标准,优良,优良,普通,普通,标准,405,守望者,炎,
矩,狙击,4,炎,炎,,未公开,Ju,,YD28,男,远程位,输出,活动获得,优良,标准,优良,优良,标准,缺陷,404,攻城手,炎,
赤刃明霄陈,近卫,5,炎,龙门,,龙,Ch&#039;en the Dawnstreak,,YD30,女,近战位,爆发 输出,标准寻访,优良,优良,优良,优良,卓越,标准,406,术战者,炎,
望,特种,5,炎-岁,炎,,未公开,Wang,,NM07,男,远程位,召唤 输出,限定寻访,标准,标准,标准,■■,标准,缺陷,407,陷阱师,炎,炎-岁
复奏,术师,4,叙拉古,莱塔尼亚,,卡普里尼,Ripresa,,SR43,女,远程位,群攻 输出,标准寻访,标准,普通,普通,标准,普通,标准,408,扩散术师,叙拉古,
贝洛内,近卫,5,叙拉古,叙拉古,,鲁珀,Bellone,,SR42,男,近战位,输出 削弱,标准寻访,标准,优良,标准,优良,优良,普通,409,斗士,叙拉古,
乌啾,医疗,4,乌萨斯,乌萨斯,,黎博利,Укусик,,US39,女,远程位,治疗,标准寻访,普通,标准,标准,普通,普通,标准,411,链愈师,乌萨斯,
伯塔尼,辅助,4,乌萨斯,乌萨斯,,埃拉菲亚,Ботани,,US40,女,远程位,元素,活动获得,普通,普通,标准,标准,普通,标准,410,巫役,乌萨斯,
怒潮凛冬,近卫,5,乌萨斯学生自治团,乌萨斯,乌萨斯学生自治团,乌萨斯,Zima the Raging Tide,,USS0,女,近战位,输出 控场,标准寻访,优良,标准,优良,标准,优良,普通,412,撼地者,乌萨斯,
GALLUS²,术师,0,罗德岛,,,,GALLUS²,,RCX7,,远程位,支援机械 削弱,公开招募 活动获得,,,,,,,413,中坚术师,罗德岛,
裂响,重装,4,乌萨斯,乌萨斯,,乌萨斯,Crackborne,,US42,女,近战位,元素 生存,标准寻访,标准,普通,标准,普通,标准,标准,414,本源铁卫,乌萨斯,
可露希尔,先锋,5,罗德岛,卡兹戴尔,,萨卡兹,Closure,,R00A,女,远程位,费用回复 控场,标准寻访,普通,优良,标准,卓越,标准,标准,416,战术家,罗德岛,
凯尔希·思衡托,医疗,5,罗德岛,罗德岛,,菲林,Kal&#039;tsit·Esperanta,,R002,女,远程位,高空 治疗 支援,限定寻访,普通,普通,普通,■■,普通,标准,417,守望者,罗德岛,
维伊,术师,5,乌萨斯,乌萨斯,,库兰塔,Вий,,US53,男,远程位,输出,主线剧情,标准,标准,优良,标准,卓越,优良,415,秘术师,乌萨斯,
