code,specific,generic
1301,石家庄,市
1302,唐山,市
1303,秦皇岛,市
1304,邯郸,市
1305,邢台,市
1306,保定,市
1307,张家口,市
1308,承德,市
1309,沧州,市
1310,廊坊,市
1311,衡水,市
1401,太原,市
1402,大同,市
1403,阳泉,市
1404,长治,市
1405,晋城,市
1406,朔州,市
1407,晋中,市
1408,运城,市
1409,忻州,市
1410,临汾,市
1411,吕梁,市
1501,呼和浩特,市
1502,包头,市
1503,乌海,市
1504,赤峰,市
1505,通辽,市
1506,鄂尔多斯,市
1507,呼伦贝尔,市
1508,巴彦淖尔,市
1509,乌兰察布,市
1522,兴安,盟
1525,锡林郭勒,盟
1529,阿拉善,盟
2101,沈阳,市
2102,大连,市
2103,鞍山,市
2104,抚顺,市
2105,本溪,市
2106,丹东,市
2107,锦州,市
2108,营口,市
2109,阜新,市
2110,辽阳,市
2111,盘锦,市
2112,铁岭,市
2113,朝阳,市
2114,葫芦岛,市
2201,长春,市
2202,吉林,市
2203,四平,市
2204,辽源,市
2205,通化,市
2206,白山,市
2207,松原,市
2208,白城,市
2224,延边|朝鲜族,自治州
2301,哈尔滨,市
2302,齐齐哈尔,市
2303,鸡西,市
2304,鹤岗,市
2305,双鸭山,市
2306,大庆,市
2307,伊春,市
2308,佳木斯,市
2309,七台河,市
2310,牡丹江,市
2311,黑河,市
2312,绥化,市
2327,大兴安岭,地区
3201,南京,市
3202,无锡,市
3203,徐州,市
3204,常州,市
3205,苏州,市
3206,南通,市
3207,连云港,市
3208,淮安,市
3209,盐城,市
3210,扬州,市
3211,镇江,市
3212,泰州,市
3213,宿迁,市
3301,杭州,市
3302,宁波,市
3303,温州,市
3304,嘉兴,市
3305,湖州,市
3306,绍兴,市
3307,金华,市
3308,衢州,市
3309,舟山,市
3310,台州,市
3311,丽水,市
3401,合肥,市
3402,芜湖,市
3403,蚌埠,市
3404,淮南,市
3405,马鞍山,市
3406,淮北,市
3407,铜陵,市
3408,安庆,市
3410,黄山,市
3411,滁州,市
3412,阜阳,市
3413,宿州,市
3415,六安,市
3416,亳州,市
3417,池州,市
3418,宣城,市
3501,福州,市
3502,厦门,市
3503,莆田,市
3504,三明,市
3505,泉州,市
3506,漳州,市
3507,南平,市
3508,龙岩,市
3509,宁德,市
3601,南昌,市
3602,景德镇,市
3603,萍乡,市
3604,九江,市
3605,新余,市
3606,鹰潭,市
3607,赣州,市
3608,吉安,市
3609,宜春,市
3610,抚州,市
3611,上饶,市
3701,济南,市
3702,青岛,市
3703,淄博,市
3704,枣庄,市
3705,东营,市
3706,烟台,市
3707,潍坊,市
3708,济宁,市
3709,泰安,市
3710,威海,市
3711,日照,市
3713,临沂,市
3714,德州,市
3715,聊城,市
3716,滨州,市
3717,菏泽,市
4101,郑州,市
4102,开封,市
4103,洛阳,市
4104,平顶山,市
4105,安阳,市
4106,鹤壁,市
4107,新乡,市
4108,焦作,市
4109,濮阳,市
4110,许昌,市
4111,漯河,市
4112,三门峡,市
4113,南阳,市
4114,商丘,市
4115,信阳,市
4116,周口,市
4117,驻马店,市
4201,武汉,市
4202,黄石,市
4203,十堰,市
4205,宜昌,市
4206,襄阳,市
4207,鄂州,市
4208,荆门,市
4209,孝感,市
4210,荆州,市
4211,黄冈,市
4212,咸宁,市
4213,随州,市
4228,恩施|土家族|苗族,自治州
4301,长沙,市
4302,株洲,市
4303,湘潭,市
4304,衡阳,市
4305,邵阳,市
4306,岳阳,市
4307,常德,市
4308,张家界,市
4309,益阳,市
4310,郴州,市
4311,永州,市
4312,怀化,市
4313,娄底,市
4331,湘西|土家族|苗族,自治州
4401,广州,市
4402,韶关,市
4403,深圳,市
4404,珠海,市
4405,汕头,市
4406,佛山,市
4407,江门,市
4408,湛江,市
4409,茂名,市
4412,肇庆,市
4413,惠州,市
4414,梅州,市
4415,汕尾,市
4416,河源,市
4417,阳江,市
4418,清远,市
4419,东莞,市
4420,中山,市
4451,潮州,市
4452,揭阳,市
4453,云浮,市
4501,南宁,市
4502,柳州,市
4503,桂林,市
4504,梧州,市
4505,北海,市
4506,防城港,市
4507,钦州,市
4508,贵港,市
4509,玉林,市
4510,百色,市
4511,贺州,市
4512,河池,市
4513,来宾,市
4514,崇左,市
4601,海口,市
4602,三亚,市
4603,三沙,市
4604,儋州,市
5101,成都,市
5103,自贡,市
5104,攀枝花,市
5105,泸州,市
5106,德阳,市
5107,绵阳,市
5108,广元,市
5109,遂宁,市
5110,内江,市
5111,乐山,市
5113,南充,市
5114,眉山,市
5115,宜宾,市
5116,广安,市
5117,达州,市
5118,雅安,市
5119,巴中,市
5120,资阳,市
5132,阿坝|藏族|羌族,自治州
5133,甘孜|藏族,自治州
5134,凉山|彝族,自治州
5201,贵阳,市
5202,六盘水,市
5203,遵义,市
5204,安顺,市
5205,毕节,市
5206,铜仁,市
5223,黔西南|布依族|苗族,自治州
5226,黔东南|苗族|侗族,自治州
5227,黔南|布依族|苗族,自治州
5301,昆明,市
5303,曲靖,市
5304,玉溪,市
5305,保山,市
5306,昭通,市
5307,丽江,市
5308,普洱,市
5309,临沧,市
5323,楚雄|彝族,自治州
5325,红河|哈尼族|彝族,自治州
5326,文山|壮族|苗族,自治州
5328,西双版纳|傣族,自治州
5329,大理|白族,自治州
5331,德宏|傣族|景颇族,自治州
5333,怒江|傈僳族,自治州
5334,迪庆|藏族,自治州
5401,拉萨,市
5402,日喀则,市
5403,昌都,市
5404,林芝,市
5405,山南,市
5406,那曲,市
5425,阿里,地区
6101,西安,市
6102,铜川,市
6103,宝鸡,市
6104,咸阳,市
6105,渭南,市
6106,延安,市
6107,汉中,市
6108,榆林,市
6109,安康,市
6110,商洛,市
6201,兰州,市
6202,嘉峪关,市
6203,金昌,市
6204,白银,市
6205,天水,市
6206,武威,市
6207,张掖,市
6208,平凉,市
6209,酒泉,市
6210,庆阳,市
6211,定西,市
6212,陇南,市
6229,临夏|回族,自治州
6230,甘南|藏族,自治州
6301,西宁,市
6302,海东,市
6322,海北|藏族,自治州
6323,黄南|藏族,自治州
6325,海南|藏族,自治州
6326,果洛|藏族,自治州
6327,玉树|藏族,自治州
6328,海西|蒙古族|藏族,自治州
6401,银川,市
6402,石嘴山,市
6403,吴忠,市
6404,固原,市
6405,中卫,市
6501,乌鲁木齐,市
6502,克拉玛依,市
6504,吐鲁番,市
6505,哈密,市
6523,昌吉|回族,自治州
6527,博尔塔拉|蒙古,自治州
6528,巴音郭楞|蒙古,自治州
6529,阿克苏,地区
6530,克孜勒苏|柯尔克孜,自治州
6531,喀什,地区
6532,和田,地区
6540,伊犁|哈萨克,自治州
6542,塔城,地区
6543,阿勒泰,地区
